Setting up bundled DotNet SDK
Running command : dotnet Engine/Binaries/DotNET/UnrealBuildTool/UnrealBuildTool.dll TBRaymarchProjectEditor Linux Development -Project=/home/ruby/Unreal Projects/TBRaymarchProject/TBRaymarchProject.uproject
Log file: /home/ruby/.config/Epic/UnrealBuildTool/Log.txt
Using 'git status' to determine working set for adaptive non-unity build (/home/ruby/Unreal Projects/TBRaymarchProject).
Invalidating makefile for TBRaymarchProjectEditor (VolumeTextureToolkit.Build.cs modified)
Parsing headers for TBRaymarchProjectEditor
  Running Internal UnrealHeaderTool "/home/ruby/Unreal Projects/TBRaymarchProject/TBRaymarchProject.uproject" "/home/ruby/Unreal Projects/TBRaymarchProject/Intermediate/Build/Linux/TBRaymarchProjectEditor/Development/TBRaymarchProjectEditor.uhtmanifest" -WarningsAsErrors -installed
Total of 0 written
Reflection code generated for TBRaymarchProjectEditor in 1.3813932 seconds
------- Build details --------
Using toolchain located at '/opt/unreal-engine-5.4.0/Engine/Extras/ThirdPartyNotUE/SDKs/HostLinux/Linux_x64/v22_clang-16.0.6-centos7/x86_64-unknown-linux-gnu'.
Using clang (/opt/unreal-engine-5.4.0/Engine/Extras/ThirdPartyNotUE/SDKs/HostLinux/Linux_x64/v22_clang-16.0.6-centos7/x86_64-unknown-linux-gnu/bin/clang++) version 'clang version 16.0.6 (github.com/llvm/llvm-project 7cbf1a2591520c2491aa35339f227775f4d3adf6)
Target: x86_64-unknown-linux-gnu
Thread model: posix
InstalledDir: /opt/unreal-engine-5.4.0/Engine/Extras/ThirdPartyNotUE/SDKs/HostLinux/Linux_x64/v22_clang-16.0.6-centos7/x86_64-unknown-linux-gnu/bin' (string), 16 (major), 0 (minor), 6 (patch)
Using bundled libc++ standard C++ library.
Using lld linker
Using llvm-ar (/opt/unreal-engine-5.4.0/Engine/Extras/ThirdPartyNotUE/SDKs/HostLinux/Linux_x64/v22_clang-16.0.6-centos7/x86_64-unknown-linux-gnu/bin/llvm-ar) version 'LLVM (http://llvm.org/):
  LLVM version 16.0.6
  Optimized build. (string)'
Using fast way to relink  circularly dependent libraries (no FixDeps).
Targeted minimum CPU architecture: None
------------------------------
Building TBRaymarchProjectEditor...
Determining max actions to execute in parallel (8 physical cores, 16 logical cores)
  Executing up to 8 processes, one per physical core
Using Parallel executor to run 11 action(s)
------ Building 11 action(s) started ------
[1/11] Compile Module.VolumeTextureToolkitEditor.cpp
In file included from /home/ruby/Unreal Projects/TBRaymarchProject/Plugins/TBRaymarcherPlugin/Intermediate/Build/Linux/x64/UnrealEditor/Development/VolumeTextureToolkitEditor/Module.VolumeTextureToolkitEditor.cpp:4:
/home/ruby/Unreal Projects/TBRaymarchProject/Plugins/TBRaymarcherPlugin/Source/VolumeTextureToolkitEditor/Private/VolumeAssetFactory.cpp:45:99: error: variable 'Window' is uninitialized when used within its own initialization [-Werror,-Wuninitialized]
                        .SupportsMinimize(false)[SAssignNew(VolumeImporterWindow, SVolumeImporterWindow).WidgetWindow(&Window.Get())];
                                                                                                                       ^~~~~~
1 error generated.
[2/11] Compile Module.Tests.cpp
[3/11] Compile Module.VolumeTextureToolkit.cpp
In file included from /home/ruby/Unreal Projects/TBRaymarchProject/Plugins/TBRaymarcherPlugin/Intermediate/Build/Linux/x64/UnrealEditor/Development/VolumeTextureToolkit/Module.VolumeTextureToolkit.cpp:11:
In file included from /home/ruby/Unreal Projects/TBRaymarchProject/Plugins/TBRaymarcherPlugin/Source/VolumeTextureToolkit/Private/TextureUtilities.cpp:9:
/home/ruby/Unreal Projects/TBRaymarchProject/Plugins/TBRaymarcherPlugin/Source/VolumeTextureToolkit/Public/Util/UtilityShaders.h:44:3: warning: 'SetUAVParameter' is deprecated: SetUAVParameter with FRHIBatchedShaderParameters should be used. Please update your code to the new API before upgrading to the next release, otherwise your project will no longer compile. [-Wdeprecated-declarations]
                SetUAVParameter(RHICmdList, RHICmdList.GetBoundComputeShader(), ClearTexture2DRW, TextureRW);
                ^
/opt/unreal-engine-5.4.0/Engine/Source/Runtime/RenderCore/Public/ShaderParameterUtils.h:589:1: note: 'SetUAVParameter' has been explicitly marked deprecated here
UE_DEPRECATED(5.3, "SetUAVParameter with FRHIBatchedShaderParameters should be used.")
^
/opt/unreal-engine-5.4.0/Engine/Source/Runtime/Core/Public/Misc/CoreMiscDefines.h:274:43: note: expanded from macro 'UE_DEPRECATED'
#define UE_DEPRECATED(Version, Message) [[deprecated(Message " Please update your code to the new API before upgrading to the next release, otherwise your project will no longer compile.")]]
                                          ^
In file included from /home/ruby/Unreal Projects/TBRaymarchProject/Plugins/TBRaymarcherPlugin/Intermediate/Build/Linux/x64/UnrealEditor/Development/VolumeTextureToolkit/Module.VolumeTextureToolkit.cpp:11:
In file included from /home/ruby/Unreal Projects/TBRaymarchProject/Plugins/TBRaymarcherPlugin/Source/VolumeTextureToolkit/Private/TextureUtilities.cpp:9:
/home/ruby/Unreal Projects/TBRaymarchProject/Plugins/TBRaymarcherPlugin/Source/VolumeTextureToolkit/Public/Util/UtilityShaders.h:45:3: warning: 'SetShaderValue<FRHIComputeShader *, float, FRHICommandList>' is deprecated: SetShaderValue with FRHIBatchedShaderParameters should be used. Please update your code to the new API before upgrading to the next release, otherwise your project will no longer compile. [-Wdeprecated-declarations]
                SetShaderValue(RHICmdList, RHICmdList.GetBoundComputeShader(), ClearValue, Value);
                ^
/opt/unreal-engine-5.4.0/Engine/Source/Runtime/RenderCore/Public/ShaderParameterUtils.h:419:1: note: 'SetShaderValue<FRHIComputeShader *, float, FRHICommandList>' has been explicitly marked deprecated here
UE_DEPRECATED(5.3, "SetShaderValue with FRHIBatchedShaderParameters should be used.")
^
/opt/unreal-engine-5.4.0/Engine/Source/Runtime/Core/Public/Misc/CoreMiscDefines.h:274:43: note: expanded from macro 'UE_DEPRECATED'
#define UE_DEPRECATED(Version, Message) [[deprecated(Message " Please update your code to the new API before upgrading to the next release, otherwise your project will no longer compile.")]]
                                          ^
In file included from /home/ruby/Unreal Projects/TBRaymarchProject/Plugins/TBRaymarcherPlugin/Intermediate/Build/Linux/x64/UnrealEditor/Development/VolumeTextureToolkit/Module.VolumeTextureToolkit.cpp:11:
In file included from /home/ruby/Unreal Projects/TBRaymarchProject/Plugins/TBRaymarcherPlugin/Source/VolumeTextureToolkit/Private/TextureUtilities.cpp:9:
/home/ruby/Unreal Projects/TBRaymarchProject/Plugins/TBRaymarcherPlugin/Source/VolumeTextureToolkit/Public/Util/UtilityShaders.h:50:3: warning: 'SetUAVParameter' is deprecated: SetUAVParameter with FRHIBatchedShaderParameters should be used. Please update your code to the new API before upgrading to the next release, otherwise your project will no longer compile. [-Wdeprecated-declarations]
                SetUAVParameter(RHICmdList, RHICmdList.GetBoundComputeShader(), ClearTexture2DRW, nullptr);
                ^
/opt/unreal-engine-5.4.0/Engine/Source/Runtime/RenderCore/Public/ShaderParameterUtils.h:589:1: note: 'SetUAVParameter' has been explicitly marked deprecated here
UE_DEPRECATED(5.3, "SetUAVParameter with FRHIBatchedShaderParameters should be used.")
^
/opt/unreal-engine-5.4.0/Engine/Source/Runtime/Core/Public/Misc/CoreMiscDefines.h:274:43: note: expanded from macro 'UE_DEPRECATED'
#define UE_DEPRECATED(Version, Message) [[deprecated(Message " Please update your code to the new API before upgrading to the next release, otherwise your project will no longer compile.")]]
                                          ^
In file included from /home/ruby/Unreal Projects/TBRaymarchProject/Plugins/TBRaymarcherPlugin/Intermediate/Build/Linux/x64/UnrealEditor/Development/VolumeTextureToolkit/Module.VolumeTextureToolkit.cpp:11:
In file included from /home/ruby/Unreal Projects/TBRaymarchProject/Plugins/TBRaymarcherPlugin/Source/VolumeTextureToolkit/Private/TextureUtilities.cpp:9:
/home/ruby/Unreal Projects/TBRaymarchProject/Plugins/TBRaymarcherPlugin/Source/VolumeTextureToolkit/Public/Util/UtilityShaders.h:104:3: warning: 'SetUAVParameter' is deprecated: SetUAVParameter with FRHIBatchedShaderParameters should be used. Please update your code to the new API before upgrading to the next release, otherwise your project will no longer compile. [-Wdeprecated-declarations]
                SetUAVParameter(RHICmdList, ShaderRHI, Volume, VolumeRef);
                ^
/opt/unreal-engine-5.4.0/Engine/Source/Runtime/RenderCore/Public/ShaderParameterUtils.h:589:1: note: 'SetUAVParameter' has been explicitly marked deprecated here
UE_DEPRECATED(5.3, "SetUAVParameter with FRHIBatchedShaderParameters should be used.")
^
/opt/unreal-engine-5.4.0/Engine/Source/Runtime/Core/Public/Misc/CoreMiscDefines.h:274:43: note: expanded from macro 'UE_DEPRECATED'
#define UE_DEPRECATED(Version, Message) [[deprecated(Message " Please update your code to the new API before upgrading to the next release, otherwise your project will no longer compile.")]]
                                          ^
In file included from /home/ruby/Unreal Projects/TBRaymarchProject/Plugins/TBRaymarcherPlugin/Intermediate/Build/Linux/x64/UnrealEditor/Development/VolumeTextureToolkit/Module.VolumeTextureToolkit.cpp:11:
In file included from /home/ruby/Unreal Projects/TBRaymarchProject/Plugins/TBRaymarcherPlugin/Source/VolumeTextureToolkit/Private/TextureUtilities.cpp:9:
/home/ruby/Unreal Projects/TBRaymarchProject/Plugins/TBRaymarcherPlugin/Source/VolumeTextureToolkit/Public/Util/UtilityShaders.h:105:3: warning: 'SetShaderValue<FRHIComputeShader *, float, FRHICommandListImmediate>' is deprecated: SetShaderValue with FRHIBatchedShaderParameters should be used. Please update your code to the new API before upgrading to the next release, otherwise your project will no longer compile. [-Wdeprecated-declarations]
                SetShaderValue(RHICmdList, ShaderRHI, ClearValue, clearColor);
                ^
/opt/unreal-engine-5.4.0/Engine/Source/Runtime/RenderCore/Public/ShaderParameterUtils.h:419:1: note: 'SetShaderValue<FRHIComputeShader *, float, FRHICommandListImmediate>' has been explicitly marked deprecated here
UE_DEPRECATED(5.3, "SetShaderValue with FRHIBatchedShaderParameters should be used.")
^
/opt/unreal-engine-5.4.0/Engine/Source/Runtime/Core/Public/Misc/CoreMiscDefines.h:274:43: note: expanded from macro 'UE_DEPRECATED'
#define UE_DEPRECATED(Version, Message) [[deprecated(Message " Please update your code to the new API before upgrading to the next release, otherwise your project will no longer compile.")]]
                                          ^
In file included from /home/ruby/Unreal Projects/TBRaymarchProject/Plugins/TBRaymarcherPlugin/Intermediate/Build/Linux/x64/UnrealEditor/Development/VolumeTextureToolkit/Module.VolumeTextureToolkit.cpp:11:
In file included from /home/ruby/Unreal Projects/TBRaymarchProject/Plugins/TBRaymarcherPlugin/Source/VolumeTextureToolkit/Private/TextureUtilities.cpp:9:
/home/ruby/Unreal Projects/TBRaymarchProject/Plugins/TBRaymarcherPlugin/Source/VolumeTextureToolkit/Public/Util/UtilityShaders.h:106:3: warning: 'SetShaderValue<FRHIComputeShader *, int, FRHICommandListImmediate>' is deprecated: SetShaderValue with FRHIBatchedShaderParameters should be used. Please update your code to the new API before upgrading to the next release, otherwise your project will no longer compile. [-Wdeprecated-declarations]
                SetShaderValue(RHICmdList, ShaderRHI, ZSize, ZSizeParam);
                ^
/opt/unreal-engine-5.4.0/Engine/Source/Runtime/RenderCore/Public/ShaderParameterUtils.h:419:1: note: 'SetShaderValue<FRHIComputeShader *, int, FRHICommandListImmediate>' has been explicitly marked deprecated here
UE_DEPRECATED(5.3, "SetShaderValue with FRHIBatchedShaderParameters should be used.")
^
/opt/unreal-engine-5.4.0/Engine/Source/Runtime/Core/Public/Misc/CoreMiscDefines.h:274:43: note: expanded from macro 'UE_DEPRECATED'
#define UE_DEPRECATED(Version, Message) [[deprecated(Message " Please update your code to the new API before upgrading to the next release, otherwise your project will no longer compile.")]]
                                          ^
In file included from /home/ruby/Unreal Projects/TBRaymarchProject/Plugins/TBRaymarcherPlugin/Intermediate/Build/Linux/x64/UnrealEditor/Development/VolumeTextureToolkit/Module.VolumeTextureToolkit.cpp:11:
In file included from /home/ruby/Unreal Projects/TBRaymarchProject/Plugins/TBRaymarcherPlugin/Source/VolumeTextureToolkit/Private/TextureUtilities.cpp:9:
/home/ruby/Unreal Projects/TBRaymarchProject/Plugins/TBRaymarcherPlugin/Source/VolumeTextureToolkit/Public/Util/UtilityShaders.h:111:3: warning: 'SetUAVParameter' is deprecated: SetUAVParameter with FRHIBatchedShaderParameters should be used. Please update your code to the new API before upgrading to the next release, otherwise your project will no longer compile. [-Wdeprecated-declarations]
                SetUAVParameter(RHICmdList, RHICmdList.GetBoundComputeShader(), Volume, nullptr);
                ^
/opt/unreal-engine-5.4.0/Engine/Source/Runtime/RenderCore/Public/ShaderParameterUtils.h:589:1: note: 'SetUAVParameter' has been explicitly marked deprecated here
UE_DEPRECATED(5.3, "SetUAVParameter with FRHIBatchedShaderParameters should be used.")
^
/opt/unreal-engine-5.4.0/Engine/Source/Runtime/Core/Public/Misc/CoreMiscDefines.h:274:43: note: expanded from macro 'UE_DEPRECATED'
#define UE_DEPRECATED(Version, Message) [[deprecated(Message " Please update your code to the new API before upgrading to the next release, otherwise your project will no longer compile.")]]
                                          ^
In file included from /home/ruby/Unreal Projects/TBRaymarchProject/Plugins/TBRaymarcherPlugin/Intermediate/Build/Linux/x64/UnrealEditor/Development/VolumeTextureToolkit/Module.VolumeTextureToolkit.cpp:13:
In file included from /home/ruby/Unreal Projects/TBRaymarchProject/Plugins/TBRaymarcherPlugin/Source/VolumeTextureToolkit/Private/VolumeAsset/Loaders/DCMTKLoader.cpp:15:
In file included from /usr/include/dcmtk/dcmdata/dcdatset.h:28:
In file included from /usr/include/dcmtk/dcmdata/dcitem.h:28:
In file included from /usr/include/dcmtk/ofstd/offile.h:27:
In file included from /usr/include/dcmtk/ofstd/oftypes.h:48:
In file included from ThirdParty/Unix/LibCxx/include/c++/v1/ostream:169:
In file included from ThirdParty/Unix/LibCxx/include/c++/v1/ios:221:
In file included from ThirdParty/Unix/LibCxx/include/c++/v1/__locale:17:
In file included from ThirdParty/Unix/LibCxx/include/c++/v1/locale.h:46:
In file included from /usr/include/locale.h:135:
In file included from /usr/include/bits/types/locale_t.h:22:
/usr/include/bits/types/__locale_t.h:27:8: error: redefinition of '__locale_struct'
struct __locale_struct
       ^
/opt/unreal-engine-5.4.0/Engine/Extras/ThirdPartyNotUE/SDKs/HostLinux/Linux_x64/v22_clang-16.0.6-centos7/x86_64-unknown-linux-gnu/usr/include/xlocale.h:27:16: note: previous definition is here
typedef struct __locale_struct
               ^
In file included from /home/ruby/Unreal Projects/TBRaymarchProject/Plugins/TBRaymarcherPlugin/Intermediate/Build/Linux/x64/UnrealEditor/Development/VolumeTextureToolkit/Module.VolumeTextureToolkit.cpp:13:
In file included from /home/ruby/Unreal Projects/TBRaymarchProject/Plugins/TBRaymarcherPlugin/Source/VolumeTextureToolkit/Private/VolumeAsset/Loaders/DCMTKLoader.cpp:15:
In file included from /usr/include/dcmtk/dcmdata/dcdatset.h:28:
In file included from /usr/include/dcmtk/dcmdata/dcitem.h:28:
In file included from /usr/include/dcmtk/ofstd/offile.h:27:
In file included from /usr/include/dcmtk/ofstd/oftypes.h:49:
In file included from ThirdParty/Unix/LibCxx/include/c++/v1/cinttypes:240:
In file included from ThirdParty/Unix/LibCxx/include/c++/v1/inttypes.h:251:
/usr/include/inttypes.h:168:6: error: function-like macro '__GLIBC_USE' is not defined
# if __GLIBC_USE (ISOC23)
     ^
/usr/include/inttypes.h:306:6: error: function-like macro '__GLIBC_USE' is not defined
# if __GLIBC_USE (ISOC23)
     ^
/usr/include/inttypes.h:354:5: error: function-like macro '__GLIBC_USE' is not defined
#if __GLIBC_USE (ISOC2Y)
    ^
/usr/include/inttypes.h:382:5: error: function-like macro '__GLIBC_USE' is not defined
#if __GLIBC_USE (C23_STRTOL)
    ^
In file included from /home/ruby/Unreal Projects/TBRaymarchProject/Plugins/TBRaymarcherPlugin/Intermediate/Build/Linux/x64/UnrealEditor/Development/VolumeTextureToolkit/Module.VolumeTextureToolkit.cpp:13:
In file included from /home/ruby/Unreal Projects/TBRaymarchProject/Plugins/TBRaymarcherPlugin/Source/VolumeTextureToolkit/Private/VolumeAsset/Loaders/DCMTKLoader.cpp:15:
In file included from /usr/include/dcmtk/dcmdata/dcdatset.h:28:
In file included from /usr/include/dcmtk/dcmdata/dcitem.h:28:
In file included from /usr/include/dcmtk/ofstd/offile.h:29:
/usr/include/dcmtk/ofstd/ofstd.h:118:14: error: no member named 'strlcpy' in the global namespace; did you mean simply 'strlcpy'?
      return ::strlcpy(dst, src, siz);
             ^~
/usr/include/dcmtk/ofstd/ofstd.h:115:26: note: 'strlcpy' declared here
    static inline size_t strlcpy(char *dst, const char *src, size_t siz)
                         ^
/usr/include/dcmtk/ofstd/ofstd.h:144:14: error: no member named 'strlcat' in the global namespace; did you mean simply 'strlcat'?
      return ::strlcat(dst, src, siz);
             ^~
/usr/include/dcmtk/ofstd/ofstd.h:141:26: note: 'strlcat' declared here
    static inline size_t strlcat(char *dst, const char *src, size_t siz)
                         ^
7 warnings and 7 errors generated.
[4/11] Compile Module.FractalMarcher.cpp
In file included from /home/ruby/Unreal Projects/TBRaymarchProject/Plugins/TBRaymarcherPlugin/Intermediate/Build/Linux/x64/UnrealEditor/Development/FractalMarcher/Module.FractalMarcher.cpp:4:
In file included from /home/ruby/Unreal Projects/TBRaymarchProject/Plugins/TBRaymarcherPlugin/Intermediate/Build/Linux/UnrealEditor/Inc/FractalMarcher/UHT/FractalShaders.gen.cpp:8:
/home/ruby/Unreal Projects/TBRaymarchProject/Plugins/TBRaymarcherPlugin/Source/FractalMarcher/Public/Rendering/FractalShaders.h:83:3: warning: 'SetUAVParameter' is deprecated: SetUAVParameter with FRHIBatchedShaderParameters should be used. Please update your code to the new API before upgrading to the next release, otherwise your project will no longer compile. [-Wdeprecated-declarations]
                SetUAVParameter(RHICmdList, ShaderRHI, MandelbulbVolumeUAV, Parameters.MandelbulbVolumeUAVRef);
                ^
/opt/unreal-engine-5.4.0/Engine/Source/Runtime/RenderCore/Public/ShaderParameterUtils.h:589:1: note: 'SetUAVParameter' has been explicitly marked deprecated here
UE_DEPRECATED(5.3, "SetUAVParameter with FRHIBatchedShaderParameters should be used.")
^
/opt/unreal-engine-5.4.0/Engine/Source/Runtime/Core/Public/Misc/CoreMiscDefines.h:274:43: note: expanded from macro 'UE_DEPRECATED'
#define UE_DEPRECATED(Version, Message) [[deprecated(Message " Please update your code to the new API before upgrading to the next release, otherwise your project will no longer compile.")]]
                                          ^
In file included from /home/ruby/Unreal Projects/TBRaymarchProject/Plugins/TBRaymarcherPlugin/Intermediate/Build/Linux/x64/UnrealEditor/Development/FractalMarcher/Module.FractalMarcher.cpp:4:
In file included from /home/ruby/Unreal Projects/TBRaymarchProject/Plugins/TBRaymarcherPlugin/Intermediate/Build/Linux/UnrealEditor/Inc/FractalMarcher/UHT/FractalShaders.gen.cpp:8:
/home/ruby/Unreal Projects/TBRaymarchProject/Plugins/TBRaymarcherPlugin/Source/FractalMarcher/Public/Rendering/FractalShaders.h:84:3: warning: 'SetShaderValue<FRHIComputeShader *, UE::Math::TVector<float>, FRHICommandListImmediate>' is deprecated: SetShaderValue with FRHIBatchedShaderParameters should be used. Please update your code to the new API before upgrading to the next release, otherwise your project will no longer compile. [-Wdeprecated-declarations]
                SetShaderValue(RHICmdList, ShaderRHI, MandelbulbVolumeDimensions, FVector3f(Parameters.MandelbulbVolumeDimensions));
                ^
/opt/unreal-engine-5.4.0/Engine/Source/Runtime/RenderCore/Public/ShaderParameterUtils.h:419:1: note: 'SetShaderValue<FRHIComputeShader *, UE::Math::TVector<float>, FRHICommandListImmediate>' has been explicitly marked deprecated here
UE_DEPRECATED(5.3, "SetShaderValue with FRHIBatchedShaderParameters should be used.")
^
/opt/unreal-engine-5.4.0/Engine/Source/Runtime/Core/Public/Misc/CoreMiscDefines.h:274:43: note: expanded from macro 'UE_DEPRECATED'
#define UE_DEPRECATED(Version, Message) [[deprecated(Message " Please update your code to the new API before upgrading to the next release, otherwise your project will no longer compile.")]]
                                          ^
In file included from /home/ruby/Unreal Projects/TBRaymarchProject/Plugins/TBRaymarcherPlugin/Intermediate/Build/Linux/x64/UnrealEditor/Development/FractalMarcher/Module.FractalMarcher.cpp:4:
In file included from /home/ruby/Unreal Projects/TBRaymarchProject/Plugins/TBRaymarcherPlugin/Intermediate/Build/Linux/UnrealEditor/Inc/FractalMarcher/UHT/FractalShaders.gen.cpp:8:
/home/ruby/Unreal Projects/TBRaymarchProject/Plugins/TBRaymarcherPlugin/Source/FractalMarcher/Public/Rendering/FractalShaders.h:86:3: warning: 'SetShaderValue<FRHIComputeShader *, UE::Math::TVector<float>, FRHICommandListImmediate>' is deprecated: SetShaderValue with FRHIBatchedShaderParameters should be used. Please update your code to the new API before upgrading to the next release, otherwise your project will no longer compile. [-Wdeprecated-declarations]
                SetShaderValue(RHICmdList, ShaderRHI, Center, FVector3f(Parameters.Center));
                ^
/opt/unreal-engine-5.4.0/Engine/Source/Runtime/RenderCore/Public/ShaderParameterUtils.h:419:1: note: 'SetShaderValue<FRHIComputeShader *, UE::Math::TVector<float>, FRHICommandListImmediate>' has been explicitly marked deprecated here
UE_DEPRECATED(5.3, "SetShaderValue with FRHIBatchedShaderParameters should be used.")
^
/opt/unreal-engine-5.4.0/Engine/Source/Runtime/Core/Public/Misc/CoreMiscDefines.h:274:43: note: expanded from macro 'UE_DEPRECATED'
#define UE_DEPRECATED(Version, Message) [[deprecated(Message " Please update your code to the new API before upgrading to the next release, otherwise your project will no longer compile.")]]
                                          ^
In file included from /home/ruby/Unreal Projects/TBRaymarchProject/Plugins/TBRaymarcherPlugin/Intermediate/Build/Linux/x64/UnrealEditor/Development/FractalMarcher/Module.FractalMarcher.cpp:4:
In file included from /home/ruby/Unreal Projects/TBRaymarchProject/Plugins/TBRaymarcherPlugin/Intermediate/Build/Linux/UnrealEditor/Inc/FractalMarcher/UHT/FractalShaders.gen.cpp:8:
/home/ruby/Unreal Projects/TBRaymarchProject/Plugins/TBRaymarcherPlugin/Source/FractalMarcher/Public/Rendering/FractalShaders.h:87:3: warning: 'SetShaderValue<FRHIComputeShader *, UE::Math::TVector<float>, FRHICommandListImmediate>' is deprecated: SetShaderValue with FRHIBatchedShaderParameters should be used. Please update your code to the new API before upgrading to the next release, otherwise your project will no longer compile. [-Wdeprecated-declarations]
                SetShaderValue(RHICmdList, ShaderRHI, Extent, FVector3f(Parameters.Extent));
                ^
/opt/unreal-engine-5.4.0/Engine/Source/Runtime/RenderCore/Public/ShaderParameterUtils.h:419:1: note: 'SetShaderValue<FRHIComputeShader *, UE::Math::TVector<float>, FRHICommandListImmediate>' has been explicitly marked deprecated here
UE_DEPRECATED(5.3, "SetShaderValue with FRHIBatchedShaderParameters should be used.")
^
/opt/unreal-engine-5.4.0/Engine/Source/Runtime/Core/Public/Misc/CoreMiscDefines.h:274:43: note: expanded from macro 'UE_DEPRECATED'
#define UE_DEPRECATED(Version, Message) [[deprecated(Message " Please update your code to the new API before upgrading to the next release, otherwise your project will no longer compile.")]]
                                          ^
In file included from /home/ruby/Unreal Projects/TBRaymarchProject/Plugins/TBRaymarcherPlugin/Intermediate/Build/Linux/x64/UnrealEditor/Development/FractalMarcher/Module.FractalMarcher.cpp:4:
In file included from /home/ruby/Unreal Projects/TBRaymarchProject/Plugins/TBRaymarcherPlugin/Intermediate/Build/Linux/UnrealEditor/Inc/FractalMarcher/UHT/FractalShaders.gen.cpp:8:
/home/ruby/Unreal Projects/TBRaymarchProject/Plugins/TBRaymarcherPlugin/Source/FractalMarcher/Public/Rendering/FractalShaders.h:88:3: warning: 'SetShaderValue<FRHIComputeShader *, float, FRHICommandListImmediate>' is deprecated: SetShaderValue with FRHIBatchedShaderParameters should be used. Please update your code to the new API before upgrading to the next release, otherwise your project will no longer compile. [-Wdeprecated-declarations]
                SetShaderValue(RHICmdList, ShaderRHI, Power, Parameters.Power);
                ^
/opt/unreal-engine-5.4.0/Engine/Source/Runtime/RenderCore/Public/ShaderParameterUtils.h:419:1: note: 'SetShaderValue<FRHIComputeShader *, float, FRHICommandListImmediate>' has been explicitly marked deprecated here
UE_DEPRECATED(5.3, "SetShaderValue with FRHIBatchedShaderParameters should be used.")
^
/opt/unreal-engine-5.4.0/Engine/Source/Runtime/Core/Public/Misc/CoreMiscDefines.h:274:43: note: expanded from macro 'UE_DEPRECATED'
#define UE_DEPRECATED(Version, Message) [[deprecated(Message " Please update your code to the new API before upgrading to the next release, otherwise your project will no longer compile.")]]
                                          ^
In file included from /home/ruby/Unreal Projects/TBRaymarchProject/Plugins/TBRaymarcherPlugin/Intermediate/Build/Linux/x64/UnrealEditor/Development/FractalMarcher/Module.FractalMarcher.cpp:10:
/home/ruby/Unreal Projects/TBRaymarchProject/Plugins/TBRaymarcherPlugin/Source/FractalMarcher/Private/Actor/FractalVolume.cpp:191:3: warning: 'RHICreateUnorderedAccessView' is deprecated: RHICreateUnorderedAccessView is deprecated. Use FRHICommandListBase::CreateUnorderedAccessView instead. Please update your code to the new API before upgrading to the next release, otherwise your project will no longer compile. [-Wdeprecated-declarations]
                RHICreateUnorderedAccessView(MandelbulbResources.MandelbulbVolume->GetResource()->TextureRHI);
                ^
/opt/unreal-engine-5.4.0/Engine/Source/Runtime/RHI/Public/RHICommandList.h:5082:1: note: 'RHICreateUnorderedAccessView' has been explicitly marked deprecated here
UE_DEPRECATED(5.3, "RHICreateUnorderedAccessView is deprecated. Use FRHICommandListBase::CreateUnorderedAccessView instead.")
^
/opt/unreal-engine-5.4.0/Engine/Source/Runtime/Core/Public/Misc/CoreMiscDefines.h:274:43: note: expanded from macro 'UE_DEPRECATED'
#define UE_DEPRECATED(Version, Message) [[deprecated(Message " Please update your code to the new API before upgrading to the next release, otherwise your project will no longer compile.")]]
                                          ^
6 warnings generated.
[5/11] Compile Module.Raymarcher.cpp
In file included from /home/ruby/Unreal Projects/TBRaymarchProject/Plugins/TBRaymarcherPlugin/Intermediate/Build/Linux/x64/UnrealEditor/Development/Raymarcher/Module.Raymarcher.cpp:9:
In file included from /home/ruby/Unreal Projects/TBRaymarchProject/Plugins/TBRaymarcherPlugin/Intermediate/Build/Linux/UnrealEditor/Inc/Raymarcher/UHT/RaymarchUtils.gen.cpp:8:
In file included from /home/ruby/Unreal Projects/TBRaymarchProject/Plugins/TBRaymarcherPlugin/Source/Raymarcher/Public/Util/RaymarchUtils.h:14:
/home/ruby/Unreal Projects/TBRaymarchProject/Plugins/TBRaymarcherPlugin/Source/Raymarcher/Public/Rendering/LightingShaders.h:73:3: warning: 'SetShaderValue<FRHIComputeShader *, int, FRHICommandListImmediate>' is deprecated: SetShaderValue with FRHIBatchedShaderParameters should be used. Please update your code to the new API before upgrading to the next release, otherwise your project will no longer compile. [-Wdeprecated-declarations]
                SetShaderValue(RHICmdList, ShaderRHI, bAdded, bLightAdded ? 1 : -1);
                ^
/opt/unreal-engine-5.4.0/Engine/Source/Runtime/RenderCore/Public/ShaderParameterUtils.h:419:1: note: 'SetShaderValue<FRHIComputeShader *, int, FRHICommandListImmediate>' has been explicitly marked deprecated here
UE_DEPRECATED(5.3, "SetShaderValue with FRHIBatchedShaderParameters should be used.")
^
/opt/unreal-engine-5.4.0/Engine/Source/Runtime/Core/Public/Misc/CoreMiscDefines.h:274:43: note: expanded from macro 'UE_DEPRECATED'
#define UE_DEPRECATED(Version, Message) [[deprecated(Message " Please update your code to the new API before upgrading to the next release, otherwise your project will no longer compile.")]]
                                          ^
In file included from /home/ruby/Unreal Projects/TBRaymarchProject/Plugins/TBRaymarcherPlugin/Intermediate/Build/Linux/x64/UnrealEditor/Development/Raymarcher/Module.Raymarcher.cpp:9:
In file included from /home/ruby/Unreal Projects/TBRaymarchProject/Plugins/TBRaymarcherPlugin/Intermediate/Build/Linux/UnrealEditor/Inc/Raymarcher/UHT/RaymarchUtils.gen.cpp:8:
In file included from /home/ruby/Unreal Projects/TBRaymarchProject/Plugins/TBRaymarcherPlugin/Source/Raymarcher/Public/Util/RaymarchUtils.h:14:
/home/ruby/Unreal Projects/TBRaymarchProject/Plugins/TBRaymarcherPlugin/Source/Raymarcher/Public/Rendering/LightingShaders.h:100:3: warning: 'SetShaderValue<FRHIComputeShader *, UE::Math::TVector<float>, FRHICommandListImmediate>' is deprecated: SetShaderValue with FRHIBatchedShaderParameters should be used. Please update your code to the new API before upgrading to the next release, otherwise your project will no longer compile. [-Wdeprecated-declarations]
                SetShaderValue(RHICmdList, ShaderRHI, LocalClippingCenter, FVector3f(LocalClippingParams.Center));
                ^
/opt/unreal-engine-5.4.0/Engine/Source/Runtime/RenderCore/Public/ShaderParameterUtils.h:419:1: note: 'SetShaderValue<FRHIComputeShader *, UE::Math::TVector<float>, FRHICommandListImmediate>' has been explicitly marked deprecated here
UE_DEPRECATED(5.3, "SetShaderValue with FRHIBatchedShaderParameters should be used.")
^
/opt/unreal-engine-5.4.0/Engine/Source/Runtime/Core/Public/Misc/CoreMiscDefines.h:274:43: note: expanded from macro 'UE_DEPRECATED'
#define UE_DEPRECATED(Version, Message) [[deprecated(Message " Please update your code to the new API before upgrading to the next release, otherwise your project will no longer compile.")]]
                                          ^
In file included from /home/ruby/Unreal Projects/TBRaymarchProject/Plugins/TBRaymarcherPlugin/Intermediate/Build/Linux/x64/UnrealEditor/Development/Raymarcher/Module.Raymarcher.cpp:9:
In file included from /home/ruby/Unreal Projects/TBRaymarchProject/Plugins/TBRaymarcherPlugin/Intermediate/Build/Linux/UnrealEditor/Inc/Raymarcher/UHT/RaymarchUtils.gen.cpp:8:
In file included from /home/ruby/Unreal Projects/TBRaymarchProject/Plugins/TBRaymarcherPlugin/Source/Raymarcher/Public/Util/RaymarchUtils.h:14:
/home/ruby/Unreal Projects/TBRaymarchProject/Plugins/TBRaymarcherPlugin/Source/Raymarcher/Public/Rendering/LightingShaders.h:101:3: warning: 'SetShaderValue<FRHIComputeShader *, UE::Math::TVector<float>, FRHICommandListImmediate>' is deprecated: SetShaderValue with FRHIBatchedShaderParameters should be used. Please update your code to the new API before upgrading to the next release, otherwise your project will no longer compile. [-Wdeprecated-declarations]
                SetShaderValue(RHICmdList, ShaderRHI, LocalClippingDirection, FVector3f(LocalClippingParams.Direction));
                ^
/opt/unreal-engine-5.4.0/Engine/Source/Runtime/RenderCore/Public/ShaderParameterUtils.h:419:1: note: 'SetShaderValue<FRHIComputeShader *, UE::Math::TVector<float>, FRHICommandListImmediate>' has been explicitly marked deprecated here
UE_DEPRECATED(5.3, "SetShaderValue with FRHIBatchedShaderParameters should be used.")
^
/opt/unreal-engine-5.4.0/Engine/Source/Runtime/Core/Public/Misc/CoreMiscDefines.h:274:43: note: expanded from macro 'UE_DEPRECATED'
#define UE_DEPRECATED(Version, Message) [[deprecated(Message " Please update your code to the new API before upgrading to the next release, otherwise your project will no longer compile.")]]
                                          ^
In file included from /home/ruby/Unreal Projects/TBRaymarchProject/Plugins/TBRaymarcherPlugin/Intermediate/Build/Linux/x64/UnrealEditor/Development/Raymarcher/Module.Raymarcher.cpp:9:
In file included from /home/ruby/Unreal Projects/TBRaymarchProject/Plugins/TBRaymarcherPlugin/Intermediate/Build/Linux/UnrealEditor/Inc/Raymarcher/UHT/RaymarchUtils.gen.cpp:8:
In file included from /home/ruby/Unreal Projects/TBRaymarchProject/Plugins/TBRaymarcherPlugin/Source/Raymarcher/Public/Util/RaymarchUtils.h:14:
/home/ruby/Unreal Projects/TBRaymarchProject/Plugins/TBRaymarcherPlugin/Source/Raymarcher/Public/Rendering/LightingShaders.h:102:3: warning: 'SetShaderValue<FRHIComputeShader *, FLinearColor, FRHICommandListImmediate>' is deprecated: SetShaderValue with FRHIBatchedShaderParameters should be used. Please update your code to the new API before upgrading to the next release, otherwise your project will no longer compile. [-Wdeprecated-declarations]
                SetShaderValue(RHICmdList, ShaderRHI, WindowingParameters, pWindowingParameters);
                ^
/opt/unreal-engine-5.4.0/Engine/Source/Runtime/RenderCore/Public/ShaderParameterUtils.h:419:1: note: 'SetShaderValue<FRHIComputeShader *, FLinearColor, FRHICommandListImmediate>' has been explicitly marked deprecated here
UE_DEPRECATED(5.3, "SetShaderValue with FRHIBatchedShaderParameters should be used.")
^
/opt/unreal-engine-5.4.0/Engine/Source/Runtime/Core/Public/Misc/CoreMiscDefines.h:274:43: note: expanded from macro 'UE_DEPRECATED'
#define UE_DEPRECATED(Version, Message) [[deprecated(Message " Please update your code to the new API before upgrading to the next release, otherwise your project will no longer compile.")]]
                                          ^
In file included from /home/ruby/Unreal Projects/TBRaymarchProject/Plugins/TBRaymarcherPlugin/Intermediate/Build/Linux/x64/UnrealEditor/Development/Raymarcher/Module.Raymarcher.cpp:9:
In file included from /home/ruby/Unreal Projects/TBRaymarchProject/Plugins/TBRaymarcherPlugin/Intermediate/Build/Linux/UnrealEditor/Inc/Raymarcher/UHT/RaymarchUtils.gen.cpp:8:
In file included from /home/ruby/Unreal Projects/TBRaymarchProject/Plugins/TBRaymarcherPlugin/Source/Raymarcher/Public/Util/RaymarchUtils.h:14:
/home/ruby/Unreal Projects/TBRaymarchProject/Plugins/TBRaymarcherPlugin/Source/Raymarcher/Public/Rendering/LightingShaders.h:109:3: warning: 'SetShaderValue<FRHIComputeShader *, float, FRHICommandListImmediate>' is deprecated: SetShaderValue with FRHIBatchedShaderParameters should be used. Please update your code to the new API before upgrading to the next release, otherwise your project will no longer compile. [-Wdeprecated-declarations]
                SetShaderValue(RHICmdList, ShaderRHI, StepSize, pStepSize);
                ^
/opt/unreal-engine-5.4.0/Engine/Source/Runtime/RenderCore/Public/ShaderParameterUtils.h:419:1: note: 'SetShaderValue<FRHIComputeShader *, float, FRHICommandListImmediate>' has been explicitly marked deprecated here
UE_DEPRECATED(5.3, "SetShaderValue with FRHIBatchedShaderParameters should be used.")
^
/opt/unreal-engine-5.4.0/Engine/Source/Runtime/Core/Public/Misc/CoreMiscDefines.h:274:43: note: expanded from macro 'UE_DEPRECATED'
#define UE_DEPRECATED(Version, Message) [[deprecated(Message " Please update your code to the new API before upgrading to the next release, otherwise your project will no longer compile.")]]
                                          ^
In file included from /home/ruby/Unreal Projects/TBRaymarchProject/Plugins/TBRaymarcherPlugin/Intermediate/Build/Linux/x64/UnrealEditor/Development/Raymarcher/Module.Raymarcher.cpp:9:
In file included from /home/ruby/Unreal Projects/TBRaymarchProject/Plugins/TBRaymarcherPlugin/Intermediate/Build/Linux/UnrealEditor/Inc/Raymarcher/UHT/RaymarchUtils.gen.cpp:8:
In file included from /home/ruby/Unreal Projects/TBRaymarchProject/Plugins/TBRaymarcherPlugin/Source/Raymarcher/Public/Util/RaymarchUtils.h:14:
/home/ruby/Unreal Projects/TBRaymarchProject/Plugins/TBRaymarcherPlugin/Source/Raymarcher/Public/Rendering/LightingShaders.h:118:3: warning: 'SetShaderValue<FRHIComputeShader *, int, FRHICommandListImmediate>' is deprecated: SetShaderValue with FRHIBatchedShaderParameters should be used. Please update your code to the new API before upgrading to the next release, otherwise your project will no longer compile. [-Wdeprecated-declarations]
                SetShaderValue(RHICmdList, ShaderRHI, Loop, loopIndex);
                ^
/opt/unreal-engine-5.4.0/Engine/Source/Runtime/RenderCore/Public/ShaderParameterUtils.h:419:1: note: 'SetShaderValue<FRHIComputeShader *, int, FRHICommandListImmediate>' has been explicitly marked deprecated here
UE_DEPRECATED(5.3, "SetShaderValue with FRHIBatchedShaderParameters should be used.")
^
/opt/unreal-engine-5.4.0/Engine/Source/Runtime/Core/Public/Misc/CoreMiscDefines.h:274:43: note: expanded from macro 'UE_DEPRECATED'
#define UE_DEPRECATED(Version, Message) [[deprecated(Message " Please update your code to the new API before upgrading to the next release, otherwise your project will no longer compile.")]]
                                          ^
In file included from /home/ruby/Unreal Projects/TBRaymarchProject/Plugins/TBRaymarcherPlugin/Intermediate/Build/Linux/x64/UnrealEditor/Development/Raymarcher/Module.Raymarcher.cpp:9:
In file included from /home/ruby/Unreal Projects/TBRaymarchProject/Plugins/TBRaymarcherPlugin/Intermediate/Build/Linux/UnrealEditor/Inc/Raymarcher/UHT/RaymarchUtils.gen.cpp:8:
In file included from /home/ruby/Unreal Projects/TBRaymarchProject/Plugins/TBRaymarcherPlugin/Source/Raymarcher/Public/Util/RaymarchUtils.h:14:
/home/ruby/Unreal Projects/TBRaymarchProject/Plugins/TBRaymarcherPlugin/Source/Raymarcher/Public/Rendering/LightingShaders.h:120:3: warning: 'SetUAVParameter' is deprecated: SetUAVParameter with FRHIBatchedShaderParameters should be used. Please update your code to the new API before upgrading to the next release, otherwise your project will no longer compile. [-Wdeprecated-declarations]
                SetUAVParameter(RHICmdList, ShaderRHI, WriteBuffer, pWriteBuffer);
                ^
/opt/unreal-engine-5.4.0/Engine/Source/Runtime/RenderCore/Public/ShaderParameterUtils.h:589:1: note: 'SetUAVParameter' has been explicitly marked deprecated here
UE_DEPRECATED(5.3, "SetUAVParameter with FRHIBatchedShaderParameters should be used.")
^
/opt/unreal-engine-5.4.0/Engine/Source/Runtime/Core/Public/Misc/CoreMiscDefines.h:274:43: note: expanded from macro 'UE_DEPRECATED'
#define UE_DEPRECATED(Version, Message) [[deprecated(Message " Please update your code to the new API before upgrading to the next release, otherwise your project will no longer compile.")]]
                                          ^
In file included from /home/ruby/Unreal Projects/TBRaymarchProject/Plugins/TBRaymarcherPlugin/Intermediate/Build/Linux/x64/UnrealEditor/Development/Raymarcher/Module.Raymarcher.cpp:9:
In file included from /home/ruby/Unreal Projects/TBRaymarchProject/Plugins/TBRaymarcherPlugin/Intermediate/Build/Linux/UnrealEditor/Inc/Raymarcher/UHT/RaymarchUtils.gen.cpp:8:
In file included from /home/ruby/Unreal Projects/TBRaymarchProject/Plugins/TBRaymarcherPlugin/Source/Raymarcher/Public/Util/RaymarchUtils.h:14:
/home/ruby/Unreal Projects/TBRaymarchProject/Plugins/TBRaymarcherPlugin/Source/Raymarcher/Public/Rendering/LightingShaders.h:128:3: warning: 'SetUAVParameter' is deprecated: SetUAVParameter with FRHIBatchedShaderParameters should be used. Please update your code to the new API before upgrading to the next release, otherwise your project will no longer compile. [-Wdeprecated-declarations]
                SetUAVParameter(RHICmdList, ShaderRHI, ALightVolume, pALightVolume);
                ^
/opt/unreal-engine-5.4.0/Engine/Source/Runtime/RenderCore/Public/ShaderParameterUtils.h:589:1: note: 'SetUAVParameter' has been explicitly marked deprecated here
UE_DEPRECATED(5.3, "SetUAVParameter with FRHIBatchedShaderParameters should be used.")
^
/opt/unreal-engine-5.4.0/Engine/Source/Runtime/Core/Public/Misc/CoreMiscDefines.h:274:43: note: expanded from macro 'UE_DEPRECATED'
#define UE_DEPRECATED(Version, Message) [[deprecated(Message " Please update your code to the new API before upgrading to the next release, otherwise your project will no longer compile.")]]
                                          ^
In file included from /home/ruby/Unreal Projects/TBRaymarchProject/Plugins/TBRaymarcherPlugin/Intermediate/Build/Linux/x64/UnrealEditor/Development/Raymarcher/Module.Raymarcher.cpp:9:
In file included from /home/ruby/Unreal Projects/TBRaymarchProject/Plugins/TBRaymarcherPlugin/Intermediate/Build/Linux/UnrealEditor/Inc/Raymarcher/UHT/RaymarchUtils.gen.cpp:8:
In file included from /home/ruby/Unreal Projects/TBRaymarchProject/Plugins/TBRaymarcherPlugin/Source/Raymarcher/Public/Util/RaymarchUtils.h:14:
/home/ruby/Unreal Projects/TBRaymarchProject/Plugins/TBRaymarcherPlugin/Source/Raymarcher/Public/Rendering/LightingShaders.h:133:3: warning: 'SetShaderValue<FRHIComputeShader *, UE::Math::TMatrix<float>, FRHICommandListImmediate>' is deprecated: SetShaderValue with FRHIBatchedShaderParameters should be used. Please update your code to the new API before upgrading to the next release, otherwise your project will no longer compile. [-Wdeprecated-declarations]
                SetShaderValue(RHICmdList, ShaderRHI, PermutationMatrix, FMatrix44f(PermMatrix));
                ^
/opt/unreal-engine-5.4.0/Engine/Source/Runtime/RenderCore/Public/ShaderParameterUtils.h:419:1: note: 'SetShaderValue<FRHIComputeShader *, UE::Math::TMatrix<float>, FRHICommandListImmediate>' has been explicitly marked deprecated here
UE_DEPRECATED(5.3, "SetShaderValue with FRHIBatchedShaderParameters should be used.")
^
/opt/unreal-engine-5.4.0/Engine/Source/Runtime/Core/Public/Misc/CoreMiscDefines.h:274:43: note: expanded from macro 'UE_DEPRECATED'
#define UE_DEPRECATED(Version, Message) [[deprecated(Message " Please update your code to the new API before upgrading to the next release, otherwise your project will no longer compile.")]]
                                          ^
In file included from /home/ruby/Unreal Projects/TBRaymarchProject/Plugins/TBRaymarcherPlugin/Intermediate/Build/Linux/x64/UnrealEditor/Development/Raymarcher/Module.Raymarcher.cpp:9:
In file included from /home/ruby/Unreal Projects/TBRaymarchProject/Plugins/TBRaymarcherPlugin/Intermediate/Build/Linux/UnrealEditor/Inc/Raymarcher/UHT/RaymarchUtils.gen.cpp:8:
In file included from /home/ruby/Unreal Projects/TBRaymarchProject/Plugins/TBRaymarcherPlugin/Source/Raymarcher/Public/Util/RaymarchUtils.h:14:
/home/ruby/Unreal Projects/TBRaymarchProject/Plugins/TBRaymarcherPlugin/Source/Raymarcher/Public/Rendering/LightingShaders.h:138:3: warning: 'SetTextureParameter<FRHIComputeShader, FRHICommandListImmediate>' is deprecated: SetTextureParameter with FRHIBatchedShaderParameters should be used. Please update your code to the new API before upgrading to the next release, otherwise your project will no longer compile. [-Wdeprecated-declarations]
                SetTextureParameter(RHICmdList, ShaderRHI, Volume, nullptr);
                ^
/opt/unreal-engine-5.4.0/Engine/Source/Runtime/RenderCore/Public/ShaderParameterUtils.h:515:1: note: 'SetTextureParameter<FRHIComputeShader, FRHICommandListImmediate>' has been explicitly marked deprecated here
UE_DEPRECATED(5.3, "SetTextureParameter with FRHIBatchedShaderParameters should be used.")
^
/opt/unreal-engine-5.4.0/Engine/Source/Runtime/Core/Public/Misc/CoreMiscDefines.h:274:43: note: expanded from macro 'UE_DEPRECATED'
#define UE_DEPRECATED(Version, Message) [[deprecated(Message " Please update your code to the new API before upgrading to the next release, otherwise your project will no longer compile.")]]
                                          ^
In file included from /home/ruby/Unreal Projects/TBRaymarchProject/Plugins/TBRaymarcherPlugin/Intermediate/Build/Linux/x64/UnrealEditor/Development/Raymarcher/Module.Raymarcher.cpp:9:
In file included from /home/ruby/Unreal Projects/TBRaymarchProject/Plugins/TBRaymarcherPlugin/Intermediate/Build/Linux/UnrealEditor/Inc/Raymarcher/UHT/RaymarchUtils.gen.cpp:8:
In file included from /home/ruby/Unreal Projects/TBRaymarchProject/Plugins/TBRaymarcherPlugin/Source/Raymarcher/Public/Util/RaymarchUtils.h:14:
/home/ruby/Unreal Projects/TBRaymarchProject/Plugins/TBRaymarcherPlugin/Source/Raymarcher/Public/Rendering/LightingShaders.h:139:3: warning: 'SetTextureParameter<FRHIComputeShader, FRHICommandListImmediate>' is deprecated: SetTextureParameter with FRHIBatchedShaderParameters should be used. Please update your code to the new API before upgrading to the next release, otherwise your project will no longer compile. [-Wdeprecated-declarations]
                SetTextureParameter(RHICmdList, ShaderRHI, TransferFunc, nullptr);
                ^
/opt/unreal-engine-5.4.0/Engine/Source/Runtime/RenderCore/Public/ShaderParameterUtils.h:515:1: note: 'SetTextureParameter<FRHIComputeShader, FRHICommandListImmediate>' has been explicitly marked deprecated here
UE_DEPRECATED(5.3, "SetTextureParameter with FRHIBatchedShaderParameters should be used.")
^
/opt/unreal-engine-5.4.0/Engine/Source/Runtime/Core/Public/Misc/CoreMiscDefines.h:274:43: note: expanded from macro 'UE_DEPRECATED'
#define UE_DEPRECATED(Version, Message) [[deprecated(Message " Please update your code to the new API before upgrading to the next release, otherwise your project will no longer compile.")]]
                                          ^
In file included from /home/ruby/Unreal Projects/TBRaymarchProject/Plugins/TBRaymarcherPlugin/Intermediate/Build/Linux/x64/UnrealEditor/Development/Raymarcher/Module.Raymarcher.cpp:9:
In file included from /home/ruby/Unreal Projects/TBRaymarchProject/Plugins/TBRaymarcherPlugin/Intermediate/Build/Linux/UnrealEditor/Inc/Raymarcher/UHT/RaymarchUtils.gen.cpp:8:
In file included from /home/ruby/Unreal Projects/TBRaymarchProject/Plugins/TBRaymarcherPlugin/Source/Raymarcher/Public/Util/RaymarchUtils.h:14:
/home/ruby/Unreal Projects/TBRaymarchProject/Plugins/TBRaymarcherPlugin/Source/Raymarcher/Public/Rendering/LightingShaders.h:146:3: warning: 'SetUAVParameter' is deprecated: SetUAVParameter with FRHIBatchedShaderParameters should be used. Please update your code to the new API before upgrading to the next release, otherwise your project will no longer compile. [-Wdeprecated-declarations]
                SetUAVParameter(RHICmdList, ShaderRHI, ALightVolume, nullptr);
                ^
/opt/unreal-engine-5.4.0/Engine/Source/Runtime/RenderCore/Public/ShaderParameterUtils.h:589:1: note: 'SetUAVParameter' has been explicitly marked deprecated here
UE_DEPRECATED(5.3, "SetUAVParameter with FRHIBatchedShaderParameters should be used.")
^
/opt/unreal-engine-5.4.0/Engine/Source/Runtime/Core/Public/Misc/CoreMiscDefines.h:274:43: note: expanded from macro 'UE_DEPRECATED'
#define UE_DEPRECATED(Version, Message) [[deprecated(Message " Please update your code to the new API before upgrading to the next release, otherwise your project will no longer compile.")]]
                                          ^
In file included from /home/ruby/Unreal Projects/TBRaymarchProject/Plugins/TBRaymarcherPlugin/Intermediate/Build/Linux/x64/UnrealEditor/Development/Raymarcher/Module.Raymarcher.cpp:9:
In file included from /home/ruby/Unreal Projects/TBRaymarchProject/Plugins/TBRaymarcherPlugin/Intermediate/Build/Linux/UnrealEditor/Inc/Raymarcher/UHT/RaymarchUtils.gen.cpp:8:
In file included from /home/ruby/Unreal Projects/TBRaymarchProject/Plugins/TBRaymarcherPlugin/Source/Raymarcher/Public/Util/RaymarchUtils.h:14:
/home/ruby/Unreal Projects/TBRaymarchProject/Plugins/TBRaymarcherPlugin/Source/Raymarcher/Public/Rendering/LightingShaders.h:147:3: warning: 'SetUAVParameter' is deprecated: SetUAVParameter with FRHIBatchedShaderParameters should be used. Please update your code to the new API before upgrading to the next release, otherwise your project will no longer compile. [-Wdeprecated-declarations]
                SetUAVParameter(RHICmdList, ShaderRHI, WriteBuffer, nullptr);
                ^
/opt/unreal-engine-5.4.0/Engine/Source/Runtime/RenderCore/Public/ShaderParameterUtils.h:589:1: note: 'SetUAVParameter' has been explicitly marked deprecated here
UE_DEPRECATED(5.3, "SetUAVParameter with FRHIBatchedShaderParameters should be used.")
^
/opt/unreal-engine-5.4.0/Engine/Source/Runtime/Core/Public/Misc/CoreMiscDefines.h:274:43: note: expanded from macro 'UE_DEPRECATED'
#define UE_DEPRECATED(Version, Message) [[deprecated(Message " Please update your code to the new API before upgrading to the next release, otherwise your project will no longer compile.")]]
                                          ^
In file included from /home/ruby/Unreal Projects/TBRaymarchProject/Plugins/TBRaymarcherPlugin/Intermediate/Build/Linux/x64/UnrealEditor/Development/Raymarcher/Module.Raymarcher.cpp:9:
In file included from /home/ruby/Unreal Projects/TBRaymarchProject/Plugins/TBRaymarcherPlugin/Intermediate/Build/Linux/UnrealEditor/Inc/Raymarcher/UHT/RaymarchUtils.gen.cpp:8:
In file included from /home/ruby/Unreal Projects/TBRaymarchProject/Plugins/TBRaymarcherPlugin/Source/Raymarcher/Public/Util/RaymarchUtils.h:14:
/home/ruby/Unreal Projects/TBRaymarchProject/Plugins/TBRaymarcherPlugin/Source/Raymarcher/Public/Rendering/LightingShaders.h:148:3: warning: 'SetTextureParameter<FRHIComputeShader, FRHICommandListImmediate>' is deprecated: SetTextureParameter with FRHIBatchedShaderParameters should be used. Please update your code to the new API before upgrading to the next release, otherwise your project will no longer compile. [-Wdeprecated-declarations]
                SetTextureParameter(RHICmdList, ShaderRHI, ReadBuffer, nullptr);
                ^
/opt/unreal-engine-5.4.0/Engine/Source/Runtime/RenderCore/Public/ShaderParameterUtils.h:515:1: note: 'SetTextureParameter<FRHIComputeShader, FRHICommandListImmediate>' has been explicitly marked deprecated here
UE_DEPRECATED(5.3, "SetTextureParameter with FRHIBatchedShaderParameters should be used.")
^
/opt/unreal-engine-5.4.0/Engine/Source/Runtime/Core/Public/Misc/CoreMiscDefines.h:274:43: note: expanded from macro 'UE_DEPRECATED'
#define UE_DEPRECATED(Version, Message) [[deprecated(Message " Please update your code to the new API before upgrading to the next release, otherwise your project will no longer compile.")]]
                                          ^
In file included from /home/ruby/Unreal Projects/TBRaymarchProject/Plugins/TBRaymarcherPlugin/Intermediate/Build/Linux/x64/UnrealEditor/Development/Raymarcher/Module.Raymarcher.cpp:9:
In file included from /home/ruby/Unreal Projects/TBRaymarchProject/Plugins/TBRaymarcherPlugin/Intermediate/Build/Linux/UnrealEditor/Inc/Raymarcher/UHT/RaymarchUtils.gen.cpp:8:
In file included from /home/ruby/Unreal Projects/TBRaymarchProject/Plugins/TBRaymarcherPlugin/Source/Raymarcher/Public/Util/RaymarchUtils.h:14:
/home/ruby/Unreal Projects/TBRaymarchProject/Plugins/TBRaymarcherPlugin/Source/Raymarcher/Public/Rendering/LightingShaders.h:154:3: warning: 'SetShaderValue<FRHIComputeShader *, UE::Math::TVector2<float>, FRHICommandListImmediate>' is deprecated: SetShaderValue with FRHIBatchedShaderParameters should be used. Please update your code to the new API before upgrading to the next release, otherwise your project will no longer compile. [-Wdeprecated-declarations]
                SetShaderValue(RHICmdList, ShaderRHI, PrevPixelOffset, fPixelOffset);
                ^
/opt/unreal-engine-5.4.0/Engine/Source/Runtime/RenderCore/Public/ShaderParameterUtils.h:419:1: note: 'SetShaderValue<FRHIComputeShader *, UE::Math::TVector2<float>, FRHICommandListImmediate>' has been explicitly marked deprecated here
UE_DEPRECATED(5.3, "SetShaderValue with FRHIBatchedShaderParameters should be used.")
^
/opt/unreal-engine-5.4.0/Engine/Source/Runtime/Core/Public/Misc/CoreMiscDefines.h:274:43: note: expanded from macro 'UE_DEPRECATED'
#define UE_DEPRECATED(Version, Message) [[deprecated(Message " Please update your code to the new API before upgrading to the next release, otherwise your project will no longer compile.")]]
                                          ^
In file included from /home/ruby/Unreal Projects/TBRaymarchProject/Plugins/TBRaymarcherPlugin/Intermediate/Build/Linux/x64/UnrealEditor/Development/Raymarcher/Module.Raymarcher.cpp:9:
In file included from /home/ruby/Unreal Projects/TBRaymarchProject/Plugins/TBRaymarcherPlugin/Intermediate/Build/Linux/UnrealEditor/Inc/Raymarcher/UHT/RaymarchUtils.gen.cpp:8:
In file included from /home/ruby/Unreal Projects/TBRaymarchProject/Plugins/TBRaymarcherPlugin/Source/Raymarcher/Public/Util/RaymarchUtils.h:14:
/home/ruby/Unreal Projects/TBRaymarchProject/Plugins/TBRaymarcherPlugin/Source/Raymarcher/Public/Rendering/LightingShaders.h:160:3: warning: 'SetShaderValue<FRHIComputeShader *, UE::Math::TVector<float>, FRHICommandListImmediate>' is deprecated: SetShaderValue with FRHIBatchedShaderParameters should be used. Please update your code to the new API before upgrading to the next release, otherwise your project will no longer compile. [-Wdeprecated-declarations]
                SetShaderValue(RHICmdList, ShaderRHI, UVWOffset, fUVWOffset);
                ^
/opt/unreal-engine-5.4.0/Engine/Source/Runtime/RenderCore/Public/ShaderParameterUtils.h:419:1: note: 'SetShaderValue<FRHIComputeShader *, UE::Math::TVector<float>, FRHICommandListImmediate>' has been explicitly marked deprecated here
UE_DEPRECATED(5.3, "SetShaderValue with FRHIBatchedShaderParameters should be used.")
^
/opt/unreal-engine-5.4.0/Engine/Source/Runtime/Core/Public/Misc/CoreMiscDefines.h:274:43: note: expanded from macro 'UE_DEPRECATED'
#define UE_DEPRECATED(Version, Message) [[deprecated(Message " Please update your code to the new API before upgrading to the next release, otherwise your project will no longer compile.")]]
                                          ^
In file included from /home/ruby/Unreal Projects/TBRaymarchProject/Plugins/TBRaymarcherPlugin/Intermediate/Build/Linux/x64/UnrealEditor/Development/Raymarcher/Module.Raymarcher.cpp:9:
In file included from /home/ruby/Unreal Projects/TBRaymarchProject/Plugins/TBRaymarcherPlugin/Intermediate/Build/Linux/UnrealEditor/Inc/Raymarcher/UHT/RaymarchUtils.gen.cpp:8:
In file included from /home/ruby/Unreal Projects/TBRaymarchProject/Plugins/TBRaymarcherPlugin/Source/Raymarcher/Public/Util/RaymarchUtils.h:14:
/home/ruby/Unreal Projects/TBRaymarchProject/Plugins/TBRaymarcherPlugin/Source/Raymarcher/Public/Rendering/LightingShaders.h:258:3: warning: 'SetShaderValue<FRHIComputeShader *, int, FRHICommandListImmediate>' is deprecated: SetShaderValue with FRHIBatchedShaderParameters should be used. Please update your code to the new API before upgrading to the next release, otherwise your project will no longer compile. [-Wdeprecated-declarations]
                SetShaderValue(RHICmdList, ShaderRHI, Loop, loopIndex);
                ^
/opt/unreal-engine-5.4.0/Engine/Source/Runtime/RenderCore/Public/ShaderParameterUtils.h:419:1: note: 'SetShaderValue<FRHIComputeShader *, int, FRHICommandListImmediate>' has been explicitly marked deprecated here
UE_DEPRECATED(5.3, "SetShaderValue with FRHIBatchedShaderParameters should be used.")
^
/opt/unreal-engine-5.4.0/Engine/Source/Runtime/Core/Public/Misc/CoreMiscDefines.h:274:43: note: expanded from macro 'UE_DEPRECATED'
#define UE_DEPRECATED(Version, Message) [[deprecated(Message " Please update your code to the new API before upgrading to the next release, otherwise your project will no longer compile.")]]
                                          ^
In file included from /home/ruby/Unreal Projects/TBRaymarchProject/Plugins/TBRaymarcherPlugin/Intermediate/Build/Linux/x64/UnrealEditor/Development/Raymarcher/Module.Raymarcher.cpp:9:
In file included from /home/ruby/Unreal Projects/TBRaymarchProject/Plugins/TBRaymarcherPlugin/Intermediate/Build/Linux/UnrealEditor/Inc/Raymarcher/UHT/RaymarchUtils.gen.cpp:8:
In file included from /home/ruby/Unreal Projects/TBRaymarchProject/Plugins/TBRaymarcherPlugin/Source/Raymarcher/Public/Util/RaymarchUtils.h:14:
/home/ruby/Unreal Projects/TBRaymarchProject/Plugins/TBRaymarcherPlugin/Source/Raymarcher/Public/Rendering/LightingShaders.h:260:3: warning: 'SetUAVParameter' is deprecated: SetUAVParameter with FRHIBatchedShaderParameters should be used. Please update your code to the new API before upgrading to the next release, otherwise your project will no longer compile. [-Wdeprecated-declarations]
                SetUAVParameter(RHICmdList, ShaderRHI, WriteBuffer, pWriteBuffer);
                ^
/opt/unreal-engine-5.4.0/Engine/Source/Runtime/RenderCore/Public/ShaderParameterUtils.h:589:1: note: 'SetUAVParameter' has been explicitly marked deprecated here
UE_DEPRECATED(5.3, "SetUAVParameter with FRHIBatchedShaderParameters should be used.")
^
/opt/unreal-engine-5.4.0/Engine/Source/Runtime/Core/Public/Misc/CoreMiscDefines.h:274:43: note: expanded from macro 'UE_DEPRECATED'
#define UE_DEPRECATED(Version, Message) [[deprecated(Message " Please update your code to the new API before upgrading to the next release, otherwise your project will no longer compile.")]]
                                          ^
In file included from /home/ruby/Unreal Projects/TBRaymarchProject/Plugins/TBRaymarcherPlugin/Intermediate/Build/Linux/x64/UnrealEditor/Development/Raymarcher/Module.Raymarcher.cpp:9:
In file included from /home/ruby/Unreal Projects/TBRaymarchProject/Plugins/TBRaymarcherPlugin/Intermediate/Build/Linux/UnrealEditor/Inc/Raymarcher/UHT/RaymarchUtils.gen.cpp:8:
In file included from /home/ruby/Unreal Projects/TBRaymarchProject/Plugins/TBRaymarcherPlugin/Source/Raymarcher/Public/Util/RaymarchUtils.h:14:
/home/ruby/Unreal Projects/TBRaymarchProject/Plugins/TBRaymarcherPlugin/Source/Raymarcher/Public/Rendering/LightingShaders.h:273:3: warning: 'SetUAVParameter' is deprecated: SetUAVParameter with FRHIBatchedShaderParameters should be used. Please update your code to the new API before upgrading to the next release, otherwise your project will no longer compile. [-Wdeprecated-declarations]
                SetUAVParameter(RHICmdList, ShaderRHI, RemovedWriteBuffer, pRemovedWriteBuffer);
                ^
/opt/unreal-engine-5.4.0/Engine/Source/Runtime/RenderCore/Public/ShaderParameterUtils.h:589:1: note: 'SetUAVParameter' has been explicitly marked deprecated here
UE_DEPRECATED(5.3, "SetUAVParameter with FRHIBatchedShaderParameters should be used.")
^
/opt/unreal-engine-5.4.0/Engine/Source/Runtime/Core/Public/Misc/CoreMiscDefines.h:274:43: note: expanded from macro 'UE_DEPRECATED'
#define UE_DEPRECATED(Version, Message) [[deprecated(Message " Please update your code to the new API before upgrading to the next release, otherwise your project will no longer compile.")]]
                                          ^
In file included from /home/ruby/Unreal Projects/TBRaymarchProject/Plugins/TBRaymarcherPlugin/Intermediate/Build/Linux/x64/UnrealEditor/Development/Raymarcher/Module.Raymarcher.cpp:9:
In file included from /home/ruby/Unreal Projects/TBRaymarchProject/Plugins/TBRaymarcherPlugin/Intermediate/Build/Linux/UnrealEditor/Inc/Raymarcher/UHT/RaymarchUtils.gen.cpp:8:
In file included from /home/ruby/Unreal Projects/TBRaymarchProject/Plugins/TBRaymarcherPlugin/Source/Raymarcher/Public/Util/RaymarchUtils.h:14:
/home/ruby/Unreal Projects/TBRaymarchProject/Plugins/TBRaymarcherPlugin/Source/Raymarcher/Public/Rendering/LightingShaders.h:284:3: warning: 'SetShaderValue<FRHIComputeShader *, int, FRHICommandListImmediate>' is deprecated: SetShaderValue with FRHIBatchedShaderParameters should be used. Please update your code to the new API before upgrading to the next release, otherwise your project will no longer compile. [-Wdeprecated-declarations]
                SetShaderValue(RHICmdList, ShaderRHI, Loop, loopIndex);
                ^
/opt/unreal-engine-5.4.0/Engine/Source/Runtime/RenderCore/Public/ShaderParameterUtils.h:419:1: note: 'SetShaderValue<FRHIComputeShader *, int, FRHICommandListImmediate>' has been explicitly marked deprecated here
UE_DEPRECATED(5.3, "SetShaderValue with FRHIBatchedShaderParameters should be used.")
^
/opt/unreal-engine-5.4.0/Engine/Source/Runtime/Core/Public/Misc/CoreMiscDefines.h:274:43: note: expanded from macro 'UE_DEPRECATED'
#define UE_DEPRECATED(Version, Message) [[deprecated(Message " Please update your code to the new API before upgrading to the next release, otherwise your project will no longer compile.")]]
                                          ^
In file included from /home/ruby/Unreal Projects/TBRaymarchProject/Plugins/TBRaymarcherPlugin/Intermediate/Build/Linux/x64/UnrealEditor/Development/Raymarcher/Module.Raymarcher.cpp:9:
In file included from /home/ruby/Unreal Projects/TBRaymarchProject/Plugins/TBRaymarcherPlugin/Intermediate/Build/Linux/UnrealEditor/Inc/Raymarcher/UHT/RaymarchUtils.gen.cpp:8:
In file included from /home/ruby/Unreal Projects/TBRaymarchProject/Plugins/TBRaymarcherPlugin/Source/Raymarcher/Public/Util/RaymarchUtils.h:14:
/home/ruby/Unreal Projects/TBRaymarchProject/Plugins/TBRaymarcherPlugin/Source/Raymarcher/Public/Rendering/LightingShaders.h:286:3: warning: 'SetUAVParameter' is deprecated: SetUAVParameter with FRHIBatchedShaderParameters should be used. Please update your code to the new API before upgrading to the next release, otherwise your project will no longer compile. [-Wdeprecated-declarations]
                SetUAVParameter(RHICmdList, ShaderRHI, WriteBuffer, pWriteBuffer);
                ^
/opt/unreal-engine-5.4.0/Engine/Source/Runtime/RenderCore/Public/ShaderParameterUtils.h:589:1: note: 'SetUAVParameter' has been explicitly marked deprecated here
UE_DEPRECATED(5.3, "SetUAVParameter with FRHIBatchedShaderParameters should be used.")
^
/opt/unreal-engine-5.4.0/Engine/Source/Runtime/Core/Public/Misc/CoreMiscDefines.h:274:43: note: expanded from macro 'UE_DEPRECATED'
#define UE_DEPRECATED(Version, Message) [[deprecated(Message " Please update your code to the new API before upgrading to the next release, otherwise your project will no longer compile.")]]
                                          ^
In file included from /home/ruby/Unreal Projects/TBRaymarchProject/Plugins/TBRaymarcherPlugin/Intermediate/Build/Linux/x64/UnrealEditor/Development/Raymarcher/Module.Raymarcher.cpp:9:
In file included from /home/ruby/Unreal Projects/TBRaymarchProject/Plugins/TBRaymarcherPlugin/Intermediate/Build/Linux/UnrealEditor/Inc/Raymarcher/UHT/RaymarchUtils.gen.cpp:8:
In file included from /home/ruby/Unreal Projects/TBRaymarchProject/Plugins/TBRaymarcherPlugin/Source/Raymarcher/Public/Util/RaymarchUtils.h:14:
/home/ruby/Unreal Projects/TBRaymarchProject/Plugins/TBRaymarcherPlugin/Source/Raymarcher/Public/Rendering/LightingShaders.h:294:3: warning: 'SetUAVParameter' is deprecated: SetUAVParameter with FRHIBatchedShaderParameters should be used. Please update your code to the new API before upgrading to the next release, otherwise your project will no longer compile. [-Wdeprecated-declarations]
                SetUAVParameter(RHICmdList, ShaderRHI, ALightVolume, pALightVolume);
                ^
/opt/unreal-engine-5.4.0/Engine/Source/Runtime/RenderCore/Public/ShaderParameterUtils.h:589:1: note: 'SetUAVParameter' has been explicitly marked deprecated here
UE_DEPRECATED(5.3, "SetUAVParameter with FRHIBatchedShaderParameters should be used.")
^
/opt/unreal-engine-5.4.0/Engine/Source/Runtime/Core/Public/Misc/CoreMiscDefines.h:274:43: note: expanded from macro 'UE_DEPRECATED'
#define UE_DEPRECATED(Version, Message) [[deprecated(Message " Please update your code to the new API before upgrading to the next release, otherwise your project will no longer compile.")]]
                                          ^
In file included from /home/ruby/Unreal Projects/TBRaymarchProject/Plugins/TBRaymarcherPlugin/Intermediate/Build/Linux/x64/UnrealEditor/Development/Raymarcher/Module.Raymarcher.cpp:9:
In file included from /home/ruby/Unreal Projects/TBRaymarchProject/Plugins/TBRaymarcherPlugin/Intermediate/Build/Linux/UnrealEditor/Inc/Raymarcher/UHT/RaymarchUtils.gen.cpp:8:
In file included from /home/ruby/Unreal Projects/TBRaymarchProject/Plugins/TBRaymarcherPlugin/Source/Raymarcher/Public/Util/RaymarchUtils.h:14:
/home/ruby/Unreal Projects/TBRaymarchProject/Plugins/TBRaymarcherPlugin/Source/Raymarcher/Public/Rendering/LightingShaders.h:299:3: warning: 'SetShaderValue<FRHIComputeShader *, UE::Math::TMatrix<float>, FRHICommandListImmediate>' is deprecated: SetShaderValue with FRHIBatchedShaderParameters should be used. Please update your code to the new API before upgrading to the next release, otherwise your project will no longer compile. [-Wdeprecated-declarations]
                SetShaderValue(RHICmdList, ShaderRHI, PermutationMatrix, FMatrix44f(PermMatrix));
                ^
/opt/unreal-engine-5.4.0/Engine/Source/Runtime/RenderCore/Public/ShaderParameterUtils.h:419:1: note: 'SetShaderValue<FRHIComputeShader *, UE::Math::TMatrix<float>, FRHICommandListImmediate>' has been explicitly marked deprecated here
UE_DEPRECATED(5.3, "SetShaderValue with FRHIBatchedShaderParameters should be used.")
^
/opt/unreal-engine-5.4.0/Engine/Source/Runtime/Core/Public/Misc/CoreMiscDefines.h:274:43: note: expanded from macro 'UE_DEPRECATED'
#define UE_DEPRECATED(Version, Message) [[deprecated(Message " Please update your code to the new API before upgrading to the next release, otherwise your project will no longer compile.")]]
                                          ^
In file included from /home/ruby/Unreal Projects/TBRaymarchProject/Plugins/TBRaymarcherPlugin/Intermediate/Build/Linux/x64/UnrealEditor/Development/Raymarcher/Module.Raymarcher.cpp:9:
In file included from /home/ruby/Unreal Projects/TBRaymarchProject/Plugins/TBRaymarcherPlugin/Intermediate/Build/Linux/UnrealEditor/Inc/Raymarcher/UHT/RaymarchUtils.gen.cpp:8:
In file included from /home/ruby/Unreal Projects/TBRaymarchProject/Plugins/TBRaymarcherPlugin/Source/Raymarcher/Public/Util/RaymarchUtils.h:14:
/home/ruby/Unreal Projects/TBRaymarchProject/Plugins/TBRaymarcherPlugin/Source/Raymarcher/Public/Rendering/LightingShaders.h:305:3: warning: 'SetShaderValue<FRHIComputeShader *, UE::Math::TVector2<float>, FRHICommandListImmediate>' is deprecated: SetShaderValue with FRHIBatchedShaderParameters should be used. Please update your code to the new API before upgrading to the next release, otherwise your project will no longer compile. [-Wdeprecated-declarations]
                SetShaderValue(RHICmdList, ShaderRHI, PrevPixelOffset, FVector2f(AddedPixelOffset));
                ^
/opt/unreal-engine-5.4.0/Engine/Source/Runtime/RenderCore/Public/ShaderParameterUtils.h:419:1: note: 'SetShaderValue<FRHIComputeShader *, UE::Math::TVector2<float>, FRHICommandListImmediate>' has been explicitly marked deprecated here
UE_DEPRECATED(5.3, "SetShaderValue with FRHIBatchedShaderParameters should be used.")
^
/opt/unreal-engine-5.4.0/Engine/Source/Runtime/Core/Public/Misc/CoreMiscDefines.h:274:43: note: expanded from macro 'UE_DEPRECATED'
#define UE_DEPRECATED(Version, Message) [[deprecated(Message " Please update your code to the new API before upgrading to the next release, otherwise your project will no longer compile.")]]
                                          ^
In file included from /home/ruby/Unreal Projects/TBRaymarchProject/Plugins/TBRaymarcherPlugin/Intermediate/Build/Linux/x64/UnrealEditor/Development/Raymarcher/Module.Raymarcher.cpp:9:
In file included from /home/ruby/Unreal Projects/TBRaymarchProject/Plugins/TBRaymarcherPlugin/Intermediate/Build/Linux/UnrealEditor/Inc/Raymarcher/UHT/RaymarchUtils.gen.cpp:8:
In file included from /home/ruby/Unreal Projects/TBRaymarchProject/Plugins/TBRaymarcherPlugin/Source/Raymarcher/Public/Util/RaymarchUtils.h:14:
/home/ruby/Unreal Projects/TBRaymarchProject/Plugins/TBRaymarcherPlugin/Source/Raymarcher/Public/Rendering/LightingShaders.h:306:3: warning: 'SetShaderValue<FRHIComputeShader *, UE::Math::TVector2<float>, FRHICommandListImmediate>' is deprecated: SetShaderValue with FRHIBatchedShaderParameters should be used. Please update your code to the new API before upgrading to the next release, otherwise your project will no longer compile. [-Wdeprecated-declarations]
                SetShaderValue(RHICmdList, ShaderRHI, RemovedPrevPixelOffset, FVector2f(RemovedPixelOffset));
                ^
/opt/unreal-engine-5.4.0/Engine/Source/Runtime/RenderCore/Public/ShaderParameterUtils.h:419:1: note: 'SetShaderValue<FRHIComputeShader *, UE::Math::TVector2<float>, FRHICommandListImmediate>' has been explicitly marked deprecated here
UE_DEPRECATED(5.3, "SetShaderValue with FRHIBatchedShaderParameters should be used.")
^
/opt/unreal-engine-5.4.0/Engine/Source/Runtime/Core/Public/Misc/CoreMiscDefines.h:274:43: note: expanded from macro 'UE_DEPRECATED'
#define UE_DEPRECATED(Version, Message) [[deprecated(Message " Please update your code to the new API before upgrading to the next release, otherwise your project will no longer compile.")]]
                                          ^
In file included from /home/ruby/Unreal Projects/TBRaymarchProject/Plugins/TBRaymarcherPlugin/Intermediate/Build/Linux/x64/UnrealEditor/Development/Raymarcher/Module.Raymarcher.cpp:9:
In file included from /home/ruby/Unreal Projects/TBRaymarchProject/Plugins/TBRaymarcherPlugin/Intermediate/Build/Linux/UnrealEditor/Inc/Raymarcher/UHT/RaymarchUtils.gen.cpp:8:
In file included from /home/ruby/Unreal Projects/TBRaymarchProject/Plugins/TBRaymarcherPlugin/Source/Raymarcher/Public/Util/RaymarchUtils.h:14:
/home/ruby/Unreal Projects/TBRaymarchProject/Plugins/TBRaymarcherPlugin/Source/Raymarcher/Public/Rendering/LightingShaders.h:312:3: warning: 'SetShaderValue<FRHIComputeShader *, UE::Math::TVector<float>, FRHICommandListImmediate>' is deprecated: SetShaderValue with FRHIBatchedShaderParameters should be used. Please update your code to the new API before upgrading to the next release, otherwise your project will no longer compile. [-Wdeprecated-declarations]
                SetShaderValue(RHICmdList, ShaderRHI, UVWOffset, FVector3f(pAddedUVWOffset));
                ^
/opt/unreal-engine-5.4.0/Engine/Source/Runtime/RenderCore/Public/ShaderParameterUtils.h:419:1: note: 'SetShaderValue<FRHIComputeShader *, UE::Math::TVector<float>, FRHICommandListImmediate>' has been explicitly marked deprecated here
UE_DEPRECATED(5.3, "SetShaderValue with FRHIBatchedShaderParameters should be used.")
^
/opt/unreal-engine-5.4.0/Engine/Source/Runtime/Core/Public/Misc/CoreMiscDefines.h:274:43: note: expanded from macro 'UE_DEPRECATED'
#define UE_DEPRECATED(Version, Message) [[deprecated(Message " Please update your code to the new API before upgrading to the next release, otherwise your project will no longer compile.")]]
                                          ^
In file included from /home/ruby/Unreal Projects/TBRaymarchProject/Plugins/TBRaymarcherPlugin/Intermediate/Build/Linux/x64/UnrealEditor/Development/Raymarcher/Module.Raymarcher.cpp:9:
In file included from /home/ruby/Unreal Projects/TBRaymarchProject/Plugins/TBRaymarcherPlugin/Intermediate/Build/Linux/UnrealEditor/Inc/Raymarcher/UHT/RaymarchUtils.gen.cpp:8:
In file included from /home/ruby/Unreal Projects/TBRaymarchProject/Plugins/TBRaymarcherPlugin/Source/Raymarcher/Public/Util/RaymarchUtils.h:14:
/home/ruby/Unreal Projects/TBRaymarchProject/Plugins/TBRaymarcherPlugin/Source/Raymarcher/Public/Rendering/LightingShaders.h:313:3: warning: 'SetShaderValue<FRHIComputeShader *, UE::Math::TVector<float>, FRHICommandListImmediate>' is deprecated: SetShaderValue with FRHIBatchedShaderParameters should be used. Please update your code to the new API before upgrading to the next release, otherwise your project will no longer compile. [-Wdeprecated-declarations]
                SetShaderValue(RHICmdList, ShaderRHI, RemovedUVWOffset, FVector3f(pRemovedUVWOffset));
                ^
/opt/unreal-engine-5.4.0/Engine/Source/Runtime/RenderCore/Public/ShaderParameterUtils.h:419:1: note: 'SetShaderValue<FRHIComputeShader *, UE::Math::TVector<float>, FRHICommandListImmediate>' has been explicitly marked deprecated here
UE_DEPRECATED(5.3, "SetShaderValue with FRHIBatchedShaderParameters should be used.")
^
/opt/unreal-engine-5.4.0/Engine/Source/Runtime/Core/Public/Misc/CoreMiscDefines.h:274:43: note: expanded from macro 'UE_DEPRECATED'
#define UE_DEPRECATED(Version, Message) [[deprecated(Message " Please update your code to the new API before upgrading to the next release, otherwise your project will no longer compile.")]]
                                          ^
In file included from /home/ruby/Unreal Projects/TBRaymarchProject/Plugins/TBRaymarcherPlugin/Intermediate/Build/Linux/x64/UnrealEditor/Development/Raymarcher/Module.Raymarcher.cpp:9:
In file included from /home/ruby/Unreal Projects/TBRaymarchProject/Plugins/TBRaymarcherPlugin/Intermediate/Build/Linux/UnrealEditor/Inc/Raymarcher/UHT/RaymarchUtils.gen.cpp:8:
In file included from /home/ruby/Unreal Projects/TBRaymarchProject/Plugins/TBRaymarcherPlugin/Source/Raymarcher/Public/Util/RaymarchUtils.h:14:
/home/ruby/Unreal Projects/TBRaymarchProject/Plugins/TBRaymarcherPlugin/Source/Raymarcher/Public/Rendering/LightingShaders.h:319:3: warning: 'SetShaderValue<FRHIComputeShader *, float, FRHICommandListImmediate>' is deprecated: SetShaderValue with FRHIBatchedShaderParameters should be used. Please update your code to the new API before upgrading to the next release, otherwise your project will no longer compile. [-Wdeprecated-declarations]
                SetShaderValue(RHICmdList, ShaderRHI, StepSize, pAddedStepSize);
                ^
/opt/unreal-engine-5.4.0/Engine/Source/Runtime/RenderCore/Public/ShaderParameterUtils.h:419:1: note: 'SetShaderValue<FRHIComputeShader *, float, FRHICommandListImmediate>' has been explicitly marked deprecated here
UE_DEPRECATED(5.3, "SetShaderValue with FRHIBatchedShaderParameters should be used.")
^
/opt/unreal-engine-5.4.0/Engine/Source/Runtime/Core/Public/Misc/CoreMiscDefines.h:274:43: note: expanded from macro 'UE_DEPRECATED'
#define UE_DEPRECATED(Version, Message) [[deprecated(Message " Please update your code to the new API before upgrading to the next release, otherwise your project will no longer compile.")]]
                                          ^
In file included from /home/ruby/Unreal Projects/TBRaymarchProject/Plugins/TBRaymarcherPlugin/Intermediate/Build/Linux/x64/UnrealEditor/Development/Raymarcher/Module.Raymarcher.cpp:9:
In file included from /home/ruby/Unreal Projects/TBRaymarchProject/Plugins/TBRaymarcherPlugin/Intermediate/Build/Linux/UnrealEditor/Inc/Raymarcher/UHT/RaymarchUtils.gen.cpp:8:
In file included from /home/ruby/Unreal Projects/TBRaymarchProject/Plugins/TBRaymarcherPlugin/Source/Raymarcher/Public/Util/RaymarchUtils.h:14:
/home/ruby/Unreal Projects/TBRaymarchProject/Plugins/TBRaymarcherPlugin/Source/Raymarcher/Public/Rendering/LightingShaders.h:320:3: warning: 'SetShaderValue<FRHIComputeShader *, float, FRHICommandListImmediate>' is deprecated: SetShaderValue with FRHIBatchedShaderParameters should be used. Please update your code to the new API before upgrading to the next release, otherwise your project will no longer compile. [-Wdeprecated-declarations]
                SetShaderValue(RHICmdList, ShaderRHI, RemovedStepSize, pRemovedStepSize);
                ^
/opt/unreal-engine-5.4.0/Engine/Source/Runtime/RenderCore/Public/ShaderParameterUtils.h:419:1: note: 'SetShaderValue<FRHIComputeShader *, float, FRHICommandListImmediate>' has been explicitly marked deprecated here
UE_DEPRECATED(5.3, "SetShaderValue with FRHIBatchedShaderParameters should be used.")
^
/opt/unreal-engine-5.4.0/Engine/Source/Runtime/Core/Public/Misc/CoreMiscDefines.h:274:43: note: expanded from macro 'UE_DEPRECATED'
#define UE_DEPRECATED(Version, Message) [[deprecated(Message " Please update your code to the new API before upgrading to the next release, otherwise your project will no longer compile.")]]
                                          ^
In file included from /home/ruby/Unreal Projects/TBRaymarchProject/Plugins/TBRaymarcherPlugin/Intermediate/Build/Linux/x64/UnrealEditor/Development/Raymarcher/Module.Raymarcher.cpp:9:
In file included from /home/ruby/Unreal Projects/TBRaymarchProject/Plugins/TBRaymarcherPlugin/Intermediate/Build/Linux/UnrealEditor/Inc/Raymarcher/UHT/RaymarchUtils.gen.cpp:8:
In file included from /home/ruby/Unreal Projects/TBRaymarchProject/Plugins/TBRaymarcherPlugin/Source/Raymarcher/Public/Util/RaymarchUtils.h:14:
/home/ruby/Unreal Projects/TBRaymarchProject/Plugins/TBRaymarcherPlugin/Source/Raymarcher/Public/Rendering/LightingShaders.h:325:3: warning: 'SetTextureParameter<FRHIComputeShader, FRHICommandListImmediate>' is deprecated: SetTextureParameter with FRHIBatchedShaderParameters should be used. Please update your code to the new API before upgrading to the next release, otherwise your project will no longer compile. [-Wdeprecated-declarations]
                SetTextureParameter(RHICmdList, ShaderRHI, Volume, nullptr);
                ^
/opt/unreal-engine-5.4.0/Engine/Source/Runtime/RenderCore/Public/ShaderParameterUtils.h:515:1: note: 'SetTextureParameter<FRHIComputeShader, FRHICommandListImmediate>' has been explicitly marked deprecated here
UE_DEPRECATED(5.3, "SetTextureParameter with FRHIBatchedShaderParameters should be used.")
^
/opt/unreal-engine-5.4.0/Engine/Source/Runtime/Core/Public/Misc/CoreMiscDefines.h:274:43: note: expanded from macro 'UE_DEPRECATED'
#define UE_DEPRECATED(Version, Message) [[deprecated(Message " Please update your code to the new API before upgrading to the next release, otherwise your project will no longer compile.")]]
                                          ^
In file included from /home/ruby/Unreal Projects/TBRaymarchProject/Plugins/TBRaymarcherPlugin/Intermediate/Build/Linux/x64/UnrealEditor/Development/Raymarcher/Module.Raymarcher.cpp:9:
In file included from /home/ruby/Unreal Projects/TBRaymarchProject/Plugins/TBRaymarcherPlugin/Intermediate/Build/Linux/UnrealEditor/Inc/Raymarcher/UHT/RaymarchUtils.gen.cpp:8:
In file included from /home/ruby/Unreal Projects/TBRaymarchProject/Plugins/TBRaymarcherPlugin/Source/Raymarcher/Public/Util/RaymarchUtils.h:14:
/home/ruby/Unreal Projects/TBRaymarchProject/Plugins/TBRaymarcherPlugin/Source/Raymarcher/Public/Rendering/LightingShaders.h:326:3: warning: 'SetTextureParameter<FRHIComputeShader, FRHICommandListImmediate>' is deprecated: SetTextureParameter with FRHIBatchedShaderParameters should be used. Please update your code to the new API before upgrading to the next release, otherwise your project will no longer compile. [-Wdeprecated-declarations]
                SetTextureParameter(RHICmdList, ShaderRHI, TransferFunc, nullptr);
                ^
/opt/unreal-engine-5.4.0/Engine/Source/Runtime/RenderCore/Public/ShaderParameterUtils.h:515:1: note: 'SetTextureParameter<FRHIComputeShader, FRHICommandListImmediate>' has been explicitly marked deprecated here
UE_DEPRECATED(5.3, "SetTextureParameter with FRHIBatchedShaderParameters should be used.")
^
/opt/unreal-engine-5.4.0/Engine/Source/Runtime/Core/Public/Misc/CoreMiscDefines.h:274:43: note: expanded from macro 'UE_DEPRECATED'
#define UE_DEPRECATED(Version, Message) [[deprecated(Message " Please update your code to the new API before upgrading to the next release, otherwise your project will no longer compile.")]]
                                          ^
In file included from /home/ruby/Unreal Projects/TBRaymarchProject/Plugins/TBRaymarcherPlugin/Intermediate/Build/Linux/x64/UnrealEditor/Development/Raymarcher/Module.Raymarcher.cpp:9:
In file included from /home/ruby/Unreal Projects/TBRaymarchProject/Plugins/TBRaymarcherPlugin/Intermediate/Build/Linux/UnrealEditor/Inc/Raymarcher/UHT/RaymarchUtils.gen.cpp:8:
In file included from /home/ruby/Unreal Projects/TBRaymarchProject/Plugins/TBRaymarcherPlugin/Source/Raymarcher/Public/Util/RaymarchUtils.h:14:
/home/ruby/Unreal Projects/TBRaymarchProject/Plugins/TBRaymarcherPlugin/Source/Raymarcher/Public/Rendering/LightingShaders.h:333:3: warning: 'SetUAVParameter' is deprecated: SetUAVParameter with FRHIBatchedShaderParameters should be used. Please update your code to the new API before upgrading to the next release, otherwise your project will no longer compile. [-Wdeprecated-declarations]
                SetUAVParameter(RHICmdList, ShaderRHI, ALightVolume, nullptr);
                ^
/opt/unreal-engine-5.4.0/Engine/Source/Runtime/RenderCore/Public/ShaderParameterUtils.h:589:1: note: 'SetUAVParameter' has been explicitly marked deprecated here
UE_DEPRECATED(5.3, "SetUAVParameter with FRHIBatchedShaderParameters should be used.")
^
/opt/unreal-engine-5.4.0/Engine/Source/Runtime/Core/Public/Misc/CoreMiscDefines.h:274:43: note: expanded from macro 'UE_DEPRECATED'
#define UE_DEPRECATED(Version, Message) [[deprecated(Message " Please update your code to the new API before upgrading to the next release, otherwise your project will no longer compile.")]]
                                          ^
In file included from /home/ruby/Unreal Projects/TBRaymarchProject/Plugins/TBRaymarcherPlugin/Intermediate/Build/Linux/x64/UnrealEditor/Development/Raymarcher/Module.Raymarcher.cpp:9:
In file included from /home/ruby/Unreal Projects/TBRaymarchProject/Plugins/TBRaymarcherPlugin/Intermediate/Build/Linux/UnrealEditor/Inc/Raymarcher/UHT/RaymarchUtils.gen.cpp:8:
In file included from /home/ruby/Unreal Projects/TBRaymarchProject/Plugins/TBRaymarcherPlugin/Source/Raymarcher/Public/Util/RaymarchUtils.h:14:
/home/ruby/Unreal Projects/TBRaymarchProject/Plugins/TBRaymarcherPlugin/Source/Raymarcher/Public/Rendering/LightingShaders.h:334:3: warning: 'SetUAVParameter' is deprecated: SetUAVParameter with FRHIBatchedShaderParameters should be used. Please update your code to the new API before upgrading to the next release, otherwise your project will no longer compile. [-Wdeprecated-declarations]
                SetUAVParameter(RHICmdList, ShaderRHI, WriteBuffer, nullptr);
                ^
/opt/unreal-engine-5.4.0/Engine/Source/Runtime/RenderCore/Public/ShaderParameterUtils.h:589:1: note: 'SetUAVParameter' has been explicitly marked deprecated here
UE_DEPRECATED(5.3, "SetUAVParameter with FRHIBatchedShaderParameters should be used.")
^
/opt/unreal-engine-5.4.0/Engine/Source/Runtime/Core/Public/Misc/CoreMiscDefines.h:274:43: note: expanded from macro 'UE_DEPRECATED'
#define UE_DEPRECATED(Version, Message) [[deprecated(Message " Please update your code to the new API before upgrading to the next release, otherwise your project will no longer compile.")]]
                                          ^
In file included from /home/ruby/Unreal Projects/TBRaymarchProject/Plugins/TBRaymarcherPlugin/Intermediate/Build/Linux/x64/UnrealEditor/Development/Raymarcher/Module.Raymarcher.cpp:9:
In file included from /home/ruby/Unreal Projects/TBRaymarchProject/Plugins/TBRaymarcherPlugin/Intermediate/Build/Linux/UnrealEditor/Inc/Raymarcher/UHT/RaymarchUtils.gen.cpp:8:
In file included from /home/ruby/Unreal Projects/TBRaymarchProject/Plugins/TBRaymarcherPlugin/Source/Raymarcher/Public/Util/RaymarchUtils.h:14:
/home/ruby/Unreal Projects/TBRaymarchProject/Plugins/TBRaymarcherPlugin/Source/Raymarcher/Public/Rendering/LightingShaders.h:335:3: warning: 'SetTextureParameter<FRHIComputeShader, FRHICommandListImmediate>' is deprecated: SetTextureParameter with FRHIBatchedShaderParameters should be used. Please update your code to the new API before upgrading to the next release, otherwise your project will no longer compile. [-Wdeprecated-declarations]
                SetTextureParameter(RHICmdList, ShaderRHI, ReadBuffer, nullptr);
                ^
/opt/unreal-engine-5.4.0/Engine/Source/Runtime/RenderCore/Public/ShaderParameterUtils.h:515:1: note: 'SetTextureParameter<FRHIComputeShader, FRHICommandListImmediate>' has been explicitly marked deprecated here
UE_DEPRECATED(5.3, "SetTextureParameter with FRHIBatchedShaderParameters should be used.")
^
/opt/unreal-engine-5.4.0/Engine/Source/Runtime/Core/Public/Misc/CoreMiscDefines.h:274:43: note: expanded from macro 'UE_DEPRECATED'
#define UE_DEPRECATED(Version, Message) [[deprecated(Message " Please update your code to the new API before upgrading to the next release, otherwise your project will no longer compile.")]]
                                          ^
In file included from /home/ruby/Unreal Projects/TBRaymarchProject/Plugins/TBRaymarcherPlugin/Intermediate/Build/Linux/x64/UnrealEditor/Development/Raymarcher/Module.Raymarcher.cpp:9:
In file included from /home/ruby/Unreal Projects/TBRaymarchProject/Plugins/TBRaymarcherPlugin/Intermediate/Build/Linux/UnrealEditor/Inc/Raymarcher/UHT/RaymarchUtils.gen.cpp:8:
In file included from /home/ruby/Unreal Projects/TBRaymarchProject/Plugins/TBRaymarcherPlugin/Source/Raymarcher/Public/Util/RaymarchUtils.h:14:
/home/ruby/Unreal Projects/TBRaymarchProject/Plugins/TBRaymarcherPlugin/Source/Raymarcher/Public/Rendering/LightingShaders.h:342:3: warning: 'SetUAVParameter' is deprecated: SetUAVParameter with FRHIBatchedShaderParameters should be used. Please update your code to the new API before upgrading to the next release, otherwise your project will no longer compile. [-Wdeprecated-declarations]
                SetUAVParameter(RHICmdList, ShaderRHI, RemovedWriteBuffer, nullptr);
                ^
/opt/unreal-engine-5.4.0/Engine/Source/Runtime/RenderCore/Public/ShaderParameterUtils.h:589:1: note: 'SetUAVParameter' has been explicitly marked deprecated here
UE_DEPRECATED(5.3, "SetUAVParameter with FRHIBatchedShaderParameters should be used.")
^
/opt/unreal-engine-5.4.0/Engine/Source/Runtime/Core/Public/Misc/CoreMiscDefines.h:274:43: note: expanded from macro 'UE_DEPRECATED'
#define UE_DEPRECATED(Version, Message) [[deprecated(Message " Please update your code to the new API before upgrading to the next release, otherwise your project will no longer compile.")]]
                                          ^
In file included from /home/ruby/Unreal Projects/TBRaymarchProject/Plugins/TBRaymarcherPlugin/Intermediate/Build/Linux/x64/UnrealEditor/Development/Raymarcher/Module.Raymarcher.cpp:9:
In file included from /home/ruby/Unreal Projects/TBRaymarchProject/Plugins/TBRaymarcherPlugin/Intermediate/Build/Linux/UnrealEditor/Inc/Raymarcher/UHT/RaymarchUtils.gen.cpp:8:
In file included from /home/ruby/Unreal Projects/TBRaymarchProject/Plugins/TBRaymarcherPlugin/Source/Raymarcher/Public/Util/RaymarchUtils.h:14:
/home/ruby/Unreal Projects/TBRaymarchProject/Plugins/TBRaymarcherPlugin/Source/Raymarcher/Public/Rendering/LightingShaders.h:343:3: warning: 'SetTextureParameter<FRHIComputeShader, FRHICommandListImmediate>' is deprecated: SetTextureParameter with FRHIBatchedShaderParameters should be used. Please update your code to the new API before upgrading to the next release, otherwise your project will no longer compile. [-Wdeprecated-declarations]
                SetTextureParameter(RHICmdList, ShaderRHI, RemovedReadBuffer, nullptr);
                ^
/opt/unreal-engine-5.4.0/Engine/Source/Runtime/RenderCore/Public/ShaderParameterUtils.h:515:1: note: 'SetTextureParameter<FRHIComputeShader, FRHICommandListImmediate>' has been explicitly marked deprecated here
UE_DEPRECATED(5.3, "SetTextureParameter with FRHIBatchedShaderParameters should be used.")
^
/opt/unreal-engine-5.4.0/Engine/Source/Runtime/Core/Public/Misc/CoreMiscDefines.h:274:43: note: expanded from macro 'UE_DEPRECATED'
#define UE_DEPRECATED(Version, Message) [[deprecated(Message " Please update your code to the new API before upgrading to the next release, otherwise your project will no longer compile.")]]
                                          ^
In file included from /home/ruby/Unreal Projects/TBRaymarchProject/Plugins/TBRaymarcherPlugin/Intermediate/Build/Linux/x64/UnrealEditor/Development/Raymarcher/Module.Raymarcher.cpp:9:
In file included from /home/ruby/Unreal Projects/TBRaymarchProject/Plugins/TBRaymarcherPlugin/Intermediate/Build/Linux/UnrealEditor/Inc/Raymarcher/UHT/RaymarchUtils.gen.cpp:8:
In file included from /home/ruby/Unreal Projects/TBRaymarchProject/Plugins/TBRaymarcherPlugin/Source/Raymarcher/Public/Util/RaymarchUtils.h:14:
/home/ruby/Unreal Projects/TBRaymarchProject/Plugins/TBRaymarcherPlugin/Source/Raymarcher/Public/Rendering/LightingShaders.h:370:3: warning: 'SetShaderValue<FRHIComputeShader *, UE::Math::TVector<float>, FRHICommandListImmediate>' is deprecated: SetShaderValue with FRHIBatchedShaderParameters should be used. Please update your code to the new API before upgrading to the next release, otherwise your project will no longer compile. [-Wdeprecated-declarations]
                SetShaderValue(RHICmdList, ShaderRHI, LocalClippingCenter, FVector3f(LocalClippingParams.Center));
                ^
/opt/unreal-engine-5.4.0/Engine/Source/Runtime/RenderCore/Public/ShaderParameterUtils.h:419:1: note: 'SetShaderValue<FRHIComputeShader *, UE::Math::TVector<float>, FRHICommandListImmediate>' has been explicitly marked deprecated here
UE_DEPRECATED(5.3, "SetShaderValue with FRHIBatchedShaderParameters should be used.")
^
/opt/unreal-engine-5.4.0/Engine/Source/Runtime/Core/Public/Misc/CoreMiscDefines.h:274:43: note: expanded from macro 'UE_DEPRECATED'
#define UE_DEPRECATED(Version, Message) [[deprecated(Message " Please update your code to the new API before upgrading to the next release, otherwise your project will no longer compile.")]]
                                          ^
In file included from /home/ruby/Unreal Projects/TBRaymarchProject/Plugins/TBRaymarcherPlugin/Intermediate/Build/Linux/x64/UnrealEditor/Development/Raymarcher/Module.Raymarcher.cpp:9:
In file included from /home/ruby/Unreal Projects/TBRaymarchProject/Plugins/TBRaymarcherPlugin/Intermediate/Build/Linux/UnrealEditor/Inc/Raymarcher/UHT/RaymarchUtils.gen.cpp:8:
In file included from /home/ruby/Unreal Projects/TBRaymarchProject/Plugins/TBRaymarcherPlugin/Source/Raymarcher/Public/Util/RaymarchUtils.h:14:
/home/ruby/Unreal Projects/TBRaymarchProject/Plugins/TBRaymarcherPlugin/Source/Raymarcher/Public/Rendering/LightingShaders.h:371:3: warning: 'SetShaderValue<FRHIComputeShader *, UE::Math::TVector<float>, FRHICommandListImmediate>' is deprecated: SetShaderValue with FRHIBatchedShaderParameters should be used. Please update your code to the new API before upgrading to the next release, otherwise your project will no longer compile. [-Wdeprecated-declarations]
                SetShaderValue(RHICmdList, ShaderRHI, LocalClippingDirection, FVector3f(LocalClippingParams.Direction));
                ^
/opt/unreal-engine-5.4.0/Engine/Source/Runtime/RenderCore/Public/ShaderParameterUtils.h:419:1: note: 'SetShaderValue<FRHIComputeShader *, UE::Math::TVector<float>, FRHICommandListImmediate>' has been explicitly marked deprecated here
UE_DEPRECATED(5.3, "SetShaderValue with FRHIBatchedShaderParameters should be used.")
^
/opt/unreal-engine-5.4.0/Engine/Source/Runtime/Core/Public/Misc/CoreMiscDefines.h:274:43: note: expanded from macro 'UE_DEPRECATED'
#define UE_DEPRECATED(Version, Message) [[deprecated(Message " Please update your code to the new API before upgrading to the next release, otherwise your project will no longer compile.")]]
                                          ^
In file included from /home/ruby/Unreal Projects/TBRaymarchProject/Plugins/TBRaymarcherPlugin/Intermediate/Build/Linux/x64/UnrealEditor/Development/Raymarcher/Module.Raymarcher.cpp:9:
In file included from /home/ruby/Unreal Projects/TBRaymarchProject/Plugins/TBRaymarcherPlugin/Intermediate/Build/Linux/UnrealEditor/Inc/Raymarcher/UHT/RaymarchUtils.gen.cpp:8:
In file included from /home/ruby/Unreal Projects/TBRaymarchProject/Plugins/TBRaymarcherPlugin/Source/Raymarcher/Public/Util/RaymarchUtils.h:14:
/home/ruby/Unreal Projects/TBRaymarchProject/Plugins/TBRaymarcherPlugin/Source/Raymarcher/Public/Rendering/LightingShaders.h:372:3: warning: 'SetShaderValue<FRHIComputeShader *, FLinearColor, FRHICommandListImmediate>' is deprecated: SetShaderValue with FRHIBatchedShaderParameters should be used. Please update your code to the new API before upgrading to the next release, otherwise your project will no longer compile. [-Wdeprecated-declarations]
                SetShaderValue(RHICmdList, ShaderRHI, WindowingParameters, pWindowingParameters);
                ^
/opt/unreal-engine-5.4.0/Engine/Source/Runtime/RenderCore/Public/ShaderParameterUtils.h:419:1: note: 'SetShaderValue<FRHIComputeShader *, FLinearColor, FRHICommandListImmediate>' has been explicitly marked deprecated here
UE_DEPRECATED(5.3, "SetShaderValue with FRHIBatchedShaderParameters should be used.")
^
/opt/unreal-engine-5.4.0/Engine/Source/Runtime/Core/Public/Misc/CoreMiscDefines.h:274:43: note: expanded from macro 'UE_DEPRECATED'
#define UE_DEPRECATED(Version, Message) [[deprecated(Message " Please update your code to the new API before upgrading to the next release, otherwise your project will no longer compile.")]]
                                          ^
In file included from /home/ruby/Unreal Projects/TBRaymarchProject/Plugins/TBRaymarcherPlugin/Intermediate/Build/Linux/x64/UnrealEditor/Development/Raymarcher/Module.Raymarcher.cpp:9:
In file included from /home/ruby/Unreal Projects/TBRaymarchProject/Plugins/TBRaymarcherPlugin/Intermediate/Build/Linux/UnrealEditor/Inc/Raymarcher/UHT/RaymarchUtils.gen.cpp:8:
In file included from /home/ruby/Unreal Projects/TBRaymarchProject/Plugins/TBRaymarcherPlugin/Source/Raymarcher/Public/Util/RaymarchUtils.h:14:
/home/ruby/Unreal Projects/TBRaymarchProject/Plugins/TBRaymarcherPlugin/Source/Raymarcher/Public/Rendering/LightingShaders.h:379:3: warning: 'SetShaderValue<FRHIComputeShader *, float, FRHICommandListImmediate>' is deprecated: SetShaderValue with FRHIBatchedShaderParameters should be used. Please update your code to the new API before upgrading to the next release, otherwise your project will no longer compile. [-Wdeprecated-declarations]
                SetShaderValue(RHICmdList, ShaderRHI, StepSize, pStepSize);
                ^
/opt/unreal-engine-5.4.0/Engine/Source/Runtime/RenderCore/Public/ShaderParameterUtils.h:419:1: note: 'SetShaderValue<FRHIComputeShader *, float, FRHICommandListImmediate>' has been explicitly marked deprecated here
UE_DEPRECATED(5.3, "SetShaderValue with FRHIBatchedShaderParameters should be used.")
^
/opt/unreal-engine-5.4.0/Engine/Source/Runtime/Core/Public/Misc/CoreMiscDefines.h:274:43: note: expanded from macro 'UE_DEPRECATED'
#define UE_DEPRECATED(Version, Message) [[deprecated(Message " Please update your code to the new API before upgrading to the next release, otherwise your project will no longer compile.")]]
                                          ^
In file included from /home/ruby/Unreal Projects/TBRaymarchProject/Plugins/TBRaymarcherPlugin/Intermediate/Build/Linux/x64/UnrealEditor/Development/Raymarcher/Module.Raymarcher.cpp:20:
/home/ruby/Unreal Projects/TBRaymarchProject/Plugins/TBRaymarcherPlugin/Source/Raymarcher/Private/Actor/RaymarchVolume.cpp:902:5: warning: 'RHICreateUnorderedAccessView' is deprecated: RHICreateUnorderedAccessView is deprecated. Use FRHICommandListBase::CreateUnorderedAccessView instead. Please update your code to the new API before upgrading to the next release, otherwise your project will no longer compile. [-Wdeprecated-declarations]
                                RHICreateUnorderedAccessView(RaymarchResources.LightVolumeRenderTarget->GetResource()->TextureRHI);
                                ^
/opt/unreal-engine-5.4.0/Engine/Source/Runtime/RHI/Public/RHICommandList.h:5082:1: note: 'RHICreateUnorderedAccessView' has been explicitly marked deprecated here
UE_DEPRECATED(5.3, "RHICreateUnorderedAccessView is deprecated. Use FRHICommandListBase::CreateUnorderedAccessView instead.")
^
/opt/unreal-engine-5.4.0/Engine/Source/Runtime/Core/Public/Misc/CoreMiscDefines.h:274:43: note: expanded from macro 'UE_DEPRECATED'
#define UE_DEPRECATED(Version, Message) [[deprecated(Message " Please update your code to the new API before upgrading to the next release, otherwise your project will no longer compile.")]]
                                          ^
In file included from /home/ruby/Unreal Projects/TBRaymarchProject/Plugins/TBRaymarcherPlugin/Intermediate/Build/Linux/x64/UnrealEditor/Development/Raymarcher/Module.Raymarcher.cpp:20:
/home/ruby/Unreal Projects/TBRaymarchProject/Plugins/TBRaymarcherPlugin/Source/Raymarcher/Private/Actor/RaymarchVolume.cpp:912:5: warning: 'RHICreateUnorderedAccessView' is deprecated: RHICreateUnorderedAccessView is deprecated. Use FRHICommandListBase::CreateUnorderedAccessView instead. Please update your code to the new API before upgrading to the next release, otherwise your project will no longer compile. [-Wdeprecated-declarations]
                                RHICreateUnorderedAccessView(RaymarchResources.OctreeVolumeRenderTarget->GetResource()->TextureRHI);
                                ^
/opt/unreal-engine-5.4.0/Engine/Source/Runtime/RHI/Public/RHICommandList.h:5082:1: note: 'RHICreateUnorderedAccessView' has been explicitly marked deprecated here
UE_DEPRECATED(5.3, "RHICreateUnorderedAccessView is deprecated. Use FRHICommandListBase::CreateUnorderedAccessView instead.")
^
/opt/unreal-engine-5.4.0/Engine/Source/Runtime/Core/Public/Misc/CoreMiscDefines.h:274:43: note: expanded from macro 'UE_DEPRECATED'
#define UE_DEPRECATED(Version, Message) [[deprecated(Message " Please update your code to the new API before upgrading to the next release, otherwise your project will no longer compile.")]]
                                          ^
In file included from /home/ruby/Unreal Projects/TBRaymarchProject/Plugins/TBRaymarcherPlugin/Intermediate/Build/Linux/x64/UnrealEditor/Development/Raymarcher/Module.Raymarcher.cpp:28:
In file included from /home/ruby/Unreal Projects/TBRaymarchProject/Plugins/TBRaymarcherPlugin/Source/Raymarcher/Private/Rendering/LightingShaders.cpp:12:
/home/ruby/Unreal Projects/TBRaymarchProject/Plugins/TBRaymarcherPlugin/Source/VolumeTextureToolkit/Public/Util/UtilityShaders.h:44:3: warning: 'SetUAVParameter' is deprecated: SetUAVParameter with FRHIBatchedShaderParameters should be used. Please update your code to the new API before upgrading to the next release, otherwise your project will no longer compile. [-Wdeprecated-declarations]
                SetUAVParameter(RHICmdList, RHICmdList.GetBoundComputeShader(), ClearTexture2DRW, TextureRW);
                ^
/opt/unreal-engine-5.4.0/Engine/Source/Runtime/RenderCore/Public/ShaderParameterUtils.h:589:1: note: 'SetUAVParameter' has been explicitly marked deprecated here
UE_DEPRECATED(5.3, "SetUAVParameter with FRHIBatchedShaderParameters should be used.")
^
/opt/unreal-engine-5.4.0/Engine/Source/Runtime/Core/Public/Misc/CoreMiscDefines.h:274:43: note: expanded from macro 'UE_DEPRECATED'
#define UE_DEPRECATED(Version, Message) [[deprecated(Message " Please update your code to the new API before upgrading to the next release, otherwise your project will no longer compile.")]]
                                          ^
In file included from /home/ruby/Unreal Projects/TBRaymarchProject/Plugins/TBRaymarcherPlugin/Intermediate/Build/Linux/x64/UnrealEditor/Development/Raymarcher/Module.Raymarcher.cpp:28:
In file included from /home/ruby/Unreal Projects/TBRaymarchProject/Plugins/TBRaymarcherPlugin/Source/Raymarcher/Private/Rendering/LightingShaders.cpp:12:
/home/ruby/Unreal Projects/TBRaymarchProject/Plugins/TBRaymarcherPlugin/Source/VolumeTextureToolkit/Public/Util/UtilityShaders.h:45:3: warning: 'SetShaderValue<FRHIComputeShader *, float, FRHICommandList>' is deprecated: SetShaderValue with FRHIBatchedShaderParameters should be used. Please update your code to the new API before upgrading to the next release, otherwise your project will no longer compile. [-Wdeprecated-declarations]
                SetShaderValue(RHICmdList, RHICmdList.GetBoundComputeShader(), ClearValue, Value);
                ^
/opt/unreal-engine-5.4.0/Engine/Source/Runtime/RenderCore/Public/ShaderParameterUtils.h:419:1: note: 'SetShaderValue<FRHIComputeShader *, float, FRHICommandList>' has been explicitly marked deprecated here
UE_DEPRECATED(5.3, "SetShaderValue with FRHIBatchedShaderParameters should be used.")
^
/opt/unreal-engine-5.4.0/Engine/Source/Runtime/Core/Public/Misc/CoreMiscDefines.h:274:43: note: expanded from macro 'UE_DEPRECATED'
#define UE_DEPRECATED(Version, Message) [[deprecated(Message " Please update your code to the new API before upgrading to the next release, otherwise your project will no longer compile.")]]
                                          ^
In file included from /home/ruby/Unreal Projects/TBRaymarchProject/Plugins/TBRaymarcherPlugin/Intermediate/Build/Linux/x64/UnrealEditor/Development/Raymarcher/Module.Raymarcher.cpp:28:
In file included from /home/ruby/Unreal Projects/TBRaymarchProject/Plugins/TBRaymarcherPlugin/Source/Raymarcher/Private/Rendering/LightingShaders.cpp:12:
/home/ruby/Unreal Projects/TBRaymarchProject/Plugins/TBRaymarcherPlugin/Source/VolumeTextureToolkit/Public/Util/UtilityShaders.h:50:3: warning: 'SetUAVParameter' is deprecated: SetUAVParameter with FRHIBatchedShaderParameters should be used. Please update your code to the new API before upgrading to the next release, otherwise your project will no longer compile. [-Wdeprecated-declarations]
                SetUAVParameter(RHICmdList, RHICmdList.GetBoundComputeShader(), ClearTexture2DRW, nullptr);
                ^
/opt/unreal-engine-5.4.0/Engine/Source/Runtime/RenderCore/Public/ShaderParameterUtils.h:589:1: note: 'SetUAVParameter' has been explicitly marked deprecated here
UE_DEPRECATED(5.3, "SetUAVParameter with FRHIBatchedShaderParameters should be used.")
^
/opt/unreal-engine-5.4.0/Engine/Source/Runtime/Core/Public/Misc/CoreMiscDefines.h:274:43: note: expanded from macro 'UE_DEPRECATED'
#define UE_DEPRECATED(Version, Message) [[deprecated(Message " Please update your code to the new API before upgrading to the next release, otherwise your project will no longer compile.")]]
                                          ^
In file included from /home/ruby/Unreal Projects/TBRaymarchProject/Plugins/TBRaymarcherPlugin/Intermediate/Build/Linux/x64/UnrealEditor/Development/Raymarcher/Module.Raymarcher.cpp:28:
In file included from /home/ruby/Unreal Projects/TBRaymarchProject/Plugins/TBRaymarcherPlugin/Source/Raymarcher/Private/Rendering/LightingShaders.cpp:12:
/home/ruby/Unreal Projects/TBRaymarchProject/Plugins/TBRaymarcherPlugin/Source/VolumeTextureToolkit/Public/Util/UtilityShaders.h:104:3: warning: 'SetUAVParameter' is deprecated: SetUAVParameter with FRHIBatchedShaderParameters should be used. Please update your code to the new API before upgrading to the next release, otherwise your project will no longer compile. [-Wdeprecated-declarations]
                SetUAVParameter(RHICmdList, ShaderRHI, Volume, VolumeRef);
                ^
/opt/unreal-engine-5.4.0/Engine/Source/Runtime/RenderCore/Public/ShaderParameterUtils.h:589:1: note: 'SetUAVParameter' has been explicitly marked deprecated here
UE_DEPRECATED(5.3, "SetUAVParameter with FRHIBatchedShaderParameters should be used.")
^
/opt/unreal-engine-5.4.0/Engine/Source/Runtime/Core/Public/Misc/CoreMiscDefines.h:274:43: note: expanded from macro 'UE_DEPRECATED'
#define UE_DEPRECATED(Version, Message) [[deprecated(Message " Please update your code to the new API before upgrading to the next release, otherwise your project will no longer compile.")]]
                                          ^
In file included from /home/ruby/Unreal Projects/TBRaymarchProject/Plugins/TBRaymarcherPlugin/Intermediate/Build/Linux/x64/UnrealEditor/Development/Raymarcher/Module.Raymarcher.cpp:28:
In file included from /home/ruby/Unreal Projects/TBRaymarchProject/Plugins/TBRaymarcherPlugin/Source/Raymarcher/Private/Rendering/LightingShaders.cpp:12:
/home/ruby/Unreal Projects/TBRaymarchProject/Plugins/TBRaymarcherPlugin/Source/VolumeTextureToolkit/Public/Util/UtilityShaders.h:105:3: warning: 'SetShaderValue<FRHIComputeShader *, float, FRHICommandListImmediate>' is deprecated: SetShaderValue with FRHIBatchedShaderParameters should be used. Please update your code to the new API before upgrading to the next release, otherwise your project will no longer compile. [-Wdeprecated-declarations]
                SetShaderValue(RHICmdList, ShaderRHI, ClearValue, clearColor);
                ^
/opt/unreal-engine-5.4.0/Engine/Source/Runtime/RenderCore/Public/ShaderParameterUtils.h:419:1: note: 'SetShaderValue<FRHIComputeShader *, float, FRHICommandListImmediate>' has been explicitly marked deprecated here
UE_DEPRECATED(5.3, "SetShaderValue with FRHIBatchedShaderParameters should be used.")
^
/opt/unreal-engine-5.4.0/Engine/Source/Runtime/Core/Public/Misc/CoreMiscDefines.h:274:43: note: expanded from macro 'UE_DEPRECATED'
#define UE_DEPRECATED(Version, Message) [[deprecated(Message " Please update your code to the new API before upgrading to the next release, otherwise your project will no longer compile.")]]
                                          ^
In file included from /home/ruby/Unreal Projects/TBRaymarchProject/Plugins/TBRaymarcherPlugin/Intermediate/Build/Linux/x64/UnrealEditor/Development/Raymarcher/Module.Raymarcher.cpp:28:
In file included from /home/ruby/Unreal Projects/TBRaymarchProject/Plugins/TBRaymarcherPlugin/Source/Raymarcher/Private/Rendering/LightingShaders.cpp:12:
/home/ruby/Unreal Projects/TBRaymarchProject/Plugins/TBRaymarcherPlugin/Source/VolumeTextureToolkit/Public/Util/UtilityShaders.h:106:3: warning: 'SetShaderValue<FRHIComputeShader *, int, FRHICommandListImmediate>' is deprecated: SetShaderValue with FRHIBatchedShaderParameters should be used. Please update your code to the new API before upgrading to the next release, otherwise your project will no longer compile. [-Wdeprecated-declarations]
                SetShaderValue(RHICmdList, ShaderRHI, ZSize, ZSizeParam);
                ^
/opt/unreal-engine-5.4.0/Engine/Source/Runtime/RenderCore/Public/ShaderParameterUtils.h:419:1: note: 'SetShaderValue<FRHIComputeShader *, int, FRHICommandListImmediate>' has been explicitly marked deprecated here
UE_DEPRECATED(5.3, "SetShaderValue with FRHIBatchedShaderParameters should be used.")
^
/opt/unreal-engine-5.4.0/Engine/Source/Runtime/Core/Public/Misc/CoreMiscDefines.h:274:43: note: expanded from macro 'UE_DEPRECATED'
#define UE_DEPRECATED(Version, Message) [[deprecated(Message " Please update your code to the new API before upgrading to the next release, otherwise your project will no longer compile.")]]
                                          ^
In file included from /home/ruby/Unreal Projects/TBRaymarchProject/Plugins/TBRaymarcherPlugin/Intermediate/Build/Linux/x64/UnrealEditor/Development/Raymarcher/Module.Raymarcher.cpp:28:
In file included from /home/ruby/Unreal Projects/TBRaymarchProject/Plugins/TBRaymarcherPlugin/Source/Raymarcher/Private/Rendering/LightingShaders.cpp:12:
/home/ruby/Unreal Projects/TBRaymarchProject/Plugins/TBRaymarcherPlugin/Source/VolumeTextureToolkit/Public/Util/UtilityShaders.h:111:3: warning: 'SetUAVParameter' is deprecated: SetUAVParameter with FRHIBatchedShaderParameters should be used. Please update your code to the new API before upgrading to the next release, otherwise your project will no longer compile. [-Wdeprecated-declarations]
                SetUAVParameter(RHICmdList, RHICmdList.GetBoundComputeShader(), Volume, nullptr);
                ^
/opt/unreal-engine-5.4.0/Engine/Source/Runtime/RenderCore/Public/ShaderParameterUtils.h:589:1: note: 'SetUAVParameter' has been explicitly marked deprecated here
UE_DEPRECATED(5.3, "SetUAVParameter with FRHIBatchedShaderParameters should be used.")
^
/opt/unreal-engine-5.4.0/Engine/Source/Runtime/Core/Public/Misc/CoreMiscDefines.h:274:43: note: expanded from macro 'UE_DEPRECATED'
#define UE_DEPRECATED(Version, Message) [[deprecated(Message " Please update your code to the new API before upgrading to the next release, otherwise your project will no longer compile.")]]
                                          ^
In file included from /home/ruby/Unreal Projects/TBRaymarchProject/Plugins/TBRaymarcherPlugin/Intermediate/Build/Linux/x64/UnrealEditor/Development/Raymarcher/Module.Raymarcher.cpp:31:
In file included from /home/ruby/Unreal Projects/TBRaymarchProject/Plugins/TBRaymarcherPlugin/Source/Raymarcher/Private/Rendering/OctreeShaders.cpp:6:
/home/ruby/Unreal Projects/TBRaymarchProject/Plugins/TBRaymarcherPlugin/Source/Raymarcher/Public/Rendering/OctreeShaders.h:44:3: warning: 'SetTextureParameter<FRHIComputeShader, FRHICommandListImmediate>' is deprecated: SetTextureParameter with FRHIBatchedShaderParameters should be used. Please update your code to the new API before upgrading to the next release, otherwise your project will no longer compile. [-Wdeprecated-declarations]
                SetTextureParameter(RHICmdList, ShaderRHI, Volume, pVolume);
                ^
/opt/unreal-engine-5.4.0/Engine/Source/Runtime/RenderCore/Public/ShaderParameterUtils.h:515:1: note: 'SetTextureParameter<FRHIComputeShader, FRHICommandListImmediate>' has been explicitly marked deprecated here
UE_DEPRECATED(5.3, "SetTextureParameter with FRHIBatchedShaderParameters should be used.")
^
/opt/unreal-engine-5.4.0/Engine/Source/Runtime/Core/Public/Misc/CoreMiscDefines.h:274:43: note: expanded from macro 'UE_DEPRECATED'
#define UE_DEPRECATED(Version, Message) [[deprecated(Message " Please update your code to the new API before upgrading to the next release, otherwise your project will no longer compile.")]]
                                          ^
In file included from /home/ruby/Unreal Projects/TBRaymarchProject/Plugins/TBRaymarcherPlugin/Intermediate/Build/Linux/x64/UnrealEditor/Development/Raymarcher/Module.Raymarcher.cpp:31:
In file included from /home/ruby/Unreal Projects/TBRaymarchProject/Plugins/TBRaymarcherPlugin/Source/Raymarcher/Private/Rendering/OctreeShaders.cpp:6:
/home/ruby/Unreal Projects/TBRaymarchProject/Plugins/TBRaymarcherPlugin/Source/Raymarcher/Public/Rendering/OctreeShaders.h:45:3: warning: 'SetUAVParameter' is deprecated: SetUAVParameter with FRHIBatchedShaderParameters should be used. Please update your code to the new API before upgrading to the next release, otherwise your project will no longer compile. [-Wdeprecated-declarations]
                SetUAVParameter(RHICmdList, ShaderRHI, OctreeVolume0, ComputeResource->UnorderedAccessViewRHIs[0]);
                ^
/opt/unreal-engine-5.4.0/Engine/Source/Runtime/RenderCore/Public/ShaderParameterUtils.h:589:1: note: 'SetUAVParameter' has been explicitly marked deprecated here
UE_DEPRECATED(5.3, "SetUAVParameter with FRHIBatchedShaderParameters should be used.")
^
/opt/unreal-engine-5.4.0/Engine/Source/Runtime/Core/Public/Misc/CoreMiscDefines.h:274:43: note: expanded from macro 'UE_DEPRECATED'
#define UE_DEPRECATED(Version, Message) [[deprecated(Message " Please update your code to the new API before upgrading to the next release, otherwise your project will no longer compile.")]]
                                          ^
In file included from /home/ruby/Unreal Projects/TBRaymarchProject/Plugins/TBRaymarcherPlugin/Intermediate/Build/Linux/x64/UnrealEditor/Development/Raymarcher/Module.Raymarcher.cpp:31:
In file included from /home/ruby/Unreal Projects/TBRaymarchProject/Plugins/TBRaymarcherPlugin/Source/Raymarcher/Private/Rendering/OctreeShaders.cpp:6:
/home/ruby/Unreal Projects/TBRaymarchProject/Plugins/TBRaymarcherPlugin/Source/Raymarcher/Public/Rendering/OctreeShaders.h:46:3: warning: 'SetUAVParameter' is deprecated: SetUAVParameter with FRHIBatchedShaderParameters should be used. Please update your code to the new API before upgrading to the next release, otherwise your project will no longer compile. [-Wdeprecated-declarations]
                SetUAVParameter(RHICmdList, ShaderRHI, OctreeVolume1, ComputeResource->UnorderedAccessViewRHIs[1]);
                ^
/opt/unreal-engine-5.4.0/Engine/Source/Runtime/RenderCore/Public/ShaderParameterUtils.h:589:1: note: 'SetUAVParameter' has been explicitly marked deprecated here
UE_DEPRECATED(5.3, "SetUAVParameter with FRHIBatchedShaderParameters should be used.")
^
/opt/unreal-engine-5.4.0/Engine/Source/Runtime/Core/Public/Misc/CoreMiscDefines.h:274:43: note: expanded from macro 'UE_DEPRECATED'
#define UE_DEPRECATED(Version, Message) [[deprecated(Message " Please update your code to the new API before upgrading to the next release, otherwise your project will no longer compile.")]]
                                          ^
In file included from /home/ruby/Unreal Projects/TBRaymarchProject/Plugins/TBRaymarcherPlugin/Intermediate/Build/Linux/x64/UnrealEditor/Development/Raymarcher/Module.Raymarcher.cpp:31:
In file included from /home/ruby/Unreal Projects/TBRaymarchProject/Plugins/TBRaymarcherPlugin/Source/Raymarcher/Private/Rendering/OctreeShaders.cpp:6:
/home/ruby/Unreal Projects/TBRaymarchProject/Plugins/TBRaymarcherPlugin/Source/Raymarcher/Public/Rendering/OctreeShaders.h:47:3: warning: 'SetUAVParameter' is deprecated: SetUAVParameter with FRHIBatchedShaderParameters should be used. Please update your code to the new API before upgrading to the next release, otherwise your project will no longer compile. [-Wdeprecated-declarations]
                SetUAVParameter(RHICmdList, ShaderRHI, OctreeVolume2, ComputeResource->UnorderedAccessViewRHIs[2]);
                ^
/opt/unreal-engine-5.4.0/Engine/Source/Runtime/RenderCore/Public/ShaderParameterUtils.h:589:1: note: 'SetUAVParameter' has been explicitly marked deprecated here
UE_DEPRECATED(5.3, "SetUAVParameter with FRHIBatchedShaderParameters should be used.")
^
/opt/unreal-engine-5.4.0/Engine/Source/Runtime/Core/Public/Misc/CoreMiscDefines.h:274:43: note: expanded from macro 'UE_DEPRECATED'
#define UE_DEPRECATED(Version, Message) [[deprecated(Message " Please update your code to the new API before upgrading to the next release, otherwise your project will no longer compile.")]]
                                          ^
In file included from /home/ruby/Unreal Projects/TBRaymarchProject/Plugins/TBRaymarcherPlugin/Intermediate/Build/Linux/x64/UnrealEditor/Development/Raymarcher/Module.Raymarcher.cpp:31:
In file included from /home/ruby/Unreal Projects/TBRaymarchProject/Plugins/TBRaymarcherPlugin/Source/Raymarcher/Private/Rendering/OctreeShaders.cpp:6:
/home/ruby/Unreal Projects/TBRaymarchProject/Plugins/TBRaymarcherPlugin/Source/Raymarcher/Public/Rendering/OctreeShaders.h:48:3: warning: 'SetUAVParameter' is deprecated: SetUAVParameter with FRHIBatchedShaderParameters should be used. Please update your code to the new API before upgrading to the next release, otherwise your project will no longer compile. [-Wdeprecated-declarations]
                SetUAVParameter(RHICmdList, ShaderRHI, OctreeVolume3, ComputeResource->UnorderedAccessViewRHIs[3]);
                ^
/opt/unreal-engine-5.4.0/Engine/Source/Runtime/RenderCore/Public/ShaderParameterUtils.h:589:1: note: 'SetUAVParameter' has been explicitly marked deprecated here
UE_DEPRECATED(5.3, "SetUAVParameter with FRHIBatchedShaderParameters should be used.")
^
/opt/unreal-engine-5.4.0/Engine/Source/Runtime/Core/Public/Misc/CoreMiscDefines.h:274:43: note: expanded from macro 'UE_DEPRECATED'
#define UE_DEPRECATED(Version, Message) [[deprecated(Message " Please update your code to the new API before upgrading to the next release, otherwise your project will no longer compile.")]]
                                          ^
In file included from /home/ruby/Unreal Projects/TBRaymarchProject/Plugins/TBRaymarcherPlugin/Intermediate/Build/Linux/x64/UnrealEditor/Development/Raymarcher/Module.Raymarcher.cpp:31:
In file included from /home/ruby/Unreal Projects/TBRaymarchProject/Plugins/TBRaymarcherPlugin/Source/Raymarcher/Private/Rendering/OctreeShaders.cpp:6:
/home/ruby/Unreal Projects/TBRaymarchProject/Plugins/TBRaymarcherPlugin/Source/Raymarcher/Public/Rendering/OctreeShaders.h:49:3: warning: 'SetShaderValue<FRHIComputeShader *, UE::Math::TVector2<float>, FRHICommandListImmediate>' is deprecated: SetShaderValue with FRHIBatchedShaderParameters should be used. Please update your code to the new API before upgrading to the next release, otherwise your project will no longer compile. [-Wdeprecated-declarations]
                SetShaderValue(RHICmdList, ShaderRHI, MinMaxValues, FVector2f(0.0, 1.0));
                ^
/opt/unreal-engine-5.4.0/Engine/Source/Runtime/RenderCore/Public/ShaderParameterUtils.h:419:1: note: 'SetShaderValue<FRHIComputeShader *, UE::Math::TVector2<float>, FRHICommandListImmediate>' has been explicitly marked deprecated here
UE_DEPRECATED(5.3, "SetShaderValue with FRHIBatchedShaderParameters should be used.")
^
/opt/unreal-engine-5.4.0/Engine/Source/Runtime/Core/Public/Misc/CoreMiscDefines.h:274:43: note: expanded from macro 'UE_DEPRECATED'
#define UE_DEPRECATED(Version, Message) [[deprecated(Message " Please update your code to the new API before upgrading to the next release, otherwise your project will no longer compile.")]]
                                          ^
In file included from /home/ruby/Unreal Projects/TBRaymarchProject/Plugins/TBRaymarcherPlugin/Intermediate/Build/Linux/x64/UnrealEditor/Development/Raymarcher/Module.Raymarcher.cpp:31:
In file included from /home/ruby/Unreal Projects/TBRaymarchProject/Plugins/TBRaymarcherPlugin/Source/Raymarcher/Private/Rendering/OctreeShaders.cpp:6:
/home/ruby/Unreal Projects/TBRaymarchProject/Plugins/TBRaymarcherPlugin/Source/Raymarcher/Public/Rendering/OctreeShaders.h:50:3: warning: 'SetShaderValue<FRHIComputeShader *, int, FRHICommandListImmediate>' is deprecated: SetShaderValue with FRHIBatchedShaderParameters should be used. Please update your code to the new API before upgrading to the next release, otherwise your project will no longer compile. [-Wdeprecated-declarations]
                SetShaderValue(RHICmdList, ShaderRHI, LeafNodeSize, InLeafNodeSize);
                ^
/opt/unreal-engine-5.4.0/Engine/Source/Runtime/RenderCore/Public/ShaderParameterUtils.h:419:1: note: 'SetShaderValue<FRHIComputeShader *, int, FRHICommandListImmediate>' has been explicitly marked deprecated here
UE_DEPRECATED(5.3, "SetShaderValue with FRHIBatchedShaderParameters should be used.")
^
/opt/unreal-engine-5.4.0/Engine/Source/Runtime/Core/Public/Misc/CoreMiscDefines.h:274:43: note: expanded from macro 'UE_DEPRECATED'
#define UE_DEPRECATED(Version, Message) [[deprecated(Message " Please update your code to the new API before upgrading to the next release, otherwise your project will no longer compile.")]]
                                          ^
In file included from /home/ruby/Unreal Projects/TBRaymarchProject/Plugins/TBRaymarcherPlugin/Intermediate/Build/Linux/x64/UnrealEditor/Development/Raymarcher/Module.Raymarcher.cpp:31:
In file included from /home/ruby/Unreal Projects/TBRaymarchProject/Plugins/TBRaymarcherPlugin/Source/Raymarcher/Private/Rendering/OctreeShaders.cpp:6:
/home/ruby/Unreal Projects/TBRaymarchProject/Plugins/TBRaymarcherPlugin/Source/Raymarcher/Public/Rendering/OctreeShaders.h:51:3: warning: 'SetShaderValue<FRHIComputeShader *, int, FRHICommandListImmediate>' is deprecated: SetShaderValue with FRHIBatchedShaderParameters should be used. Please update your code to the new API before upgrading to the next release, otherwise your project will no longer compile. [-Wdeprecated-declarations]
                SetShaderValue(RHICmdList, ShaderRHI, NumberOfMips, InNumberOfMips);
                ^
/opt/unreal-engine-5.4.0/Engine/Source/Runtime/RenderCore/Public/ShaderParameterUtils.h:419:1: note: 'SetShaderValue<FRHIComputeShader *, int, FRHICommandListImmediate>' has been explicitly marked deprecated here
UE_DEPRECATED(5.3, "SetShaderValue with FRHIBatchedShaderParameters should be used.")
^
/opt/unreal-engine-5.4.0/Engine/Source/Runtime/Core/Public/Misc/CoreMiscDefines.h:274:43: note: expanded from macro 'UE_DEPRECATED'
#define UE_DEPRECATED(Version, Message) [[deprecated(Message " Please update your code to the new API before upgrading to the next release, otherwise your project will no longer compile.")]]
                                          ^
In file included from /home/ruby/Unreal Projects/TBRaymarchProject/Plugins/TBRaymarcherPlugin/Intermediate/Build/Linux/x64/UnrealEditor/Development/Raymarcher/Module.Raymarcher.cpp:31:
In file included from /home/ruby/Unreal Projects/TBRaymarchProject/Plugins/TBRaymarcherPlugin/Source/Raymarcher/Private/Rendering/OctreeShaders.cpp:6:
/home/ruby/Unreal Projects/TBRaymarchProject/Plugins/TBRaymarcherPlugin/Source/Raymarcher/Public/Rendering/OctreeShaders.h:56:3: warning: 'SetTextureParameter<FRHIComputeShader, FRHICommandListImmediate>' is deprecated: SetTextureParameter with FRHIBatchedShaderParameters should be used. Please update your code to the new API before upgrading to the next release, otherwise your project will no longer compile. [-Wdeprecated-declarations]
                SetTextureParameter(RHICmdList, ShaderRHI, Volume, nullptr);
                ^
/opt/unreal-engine-5.4.0/Engine/Source/Runtime/RenderCore/Public/ShaderParameterUtils.h:515:1: note: 'SetTextureParameter<FRHIComputeShader, FRHICommandListImmediate>' has been explicitly marked deprecated here
UE_DEPRECATED(5.3, "SetTextureParameter with FRHIBatchedShaderParameters should be used.")
^
/opt/unreal-engine-5.4.0/Engine/Source/Runtime/Core/Public/Misc/CoreMiscDefines.h:274:43: note: expanded from macro 'UE_DEPRECATED'
#define UE_DEPRECATED(Version, Message) [[deprecated(Message " Please update your code to the new API before upgrading to the next release, otherwise your project will no longer compile.")]]
                                          ^
In file included from /home/ruby/Unreal Projects/TBRaymarchProject/Plugins/TBRaymarcherPlugin/Intermediate/Build/Linux/x64/UnrealEditor/Development/Raymarcher/Module.Raymarcher.cpp:31:
In file included from /home/ruby/Unreal Projects/TBRaymarchProject/Plugins/TBRaymarcherPlugin/Source/Raymarcher/Private/Rendering/OctreeShaders.cpp:6:
/home/ruby/Unreal Projects/TBRaymarchProject/Plugins/TBRaymarcherPlugin/Source/Raymarcher/Public/Rendering/OctreeShaders.h:57:3: warning: 'SetUAVParameter' is deprecated: SetUAVParameter with FRHIBatchedShaderParameters should be used. Please update your code to the new API before upgrading to the next release, otherwise your project will no longer compile. [-Wdeprecated-declarations]
                SetUAVParameter(RHICmdList, ShaderRHI, OctreeVolume0, nullptr);
                ^
/opt/unreal-engine-5.4.0/Engine/Source/Runtime/RenderCore/Public/ShaderParameterUtils.h:589:1: note: 'SetUAVParameter' has been explicitly marked deprecated here
UE_DEPRECATED(5.3, "SetUAVParameter with FRHIBatchedShaderParameters should be used.")
^
/opt/unreal-engine-5.4.0/Engine/Source/Runtime/Core/Public/Misc/CoreMiscDefines.h:274:43: note: expanded from macro 'UE_DEPRECATED'
#define UE_DEPRECATED(Version, Message) [[deprecated(Message " Please update your code to the new API before upgrading to the next release, otherwise your project will no longer compile.")]]
                                          ^
In file included from /home/ruby/Unreal Projects/TBRaymarchProject/Plugins/TBRaymarcherPlugin/Intermediate/Build/Linux/x64/UnrealEditor/Development/Raymarcher/Module.Raymarcher.cpp:31:
In file included from /home/ruby/Unreal Projects/TBRaymarchProject/Plugins/TBRaymarcherPlugin/Source/Raymarcher/Private/Rendering/OctreeShaders.cpp:6:
/home/ruby/Unreal Projects/TBRaymarchProject/Plugins/TBRaymarcherPlugin/Source/Raymarcher/Public/Rendering/OctreeShaders.h:58:3: warning: 'SetUAVParameter' is deprecated: SetUAVParameter with FRHIBatchedShaderParameters should be used. Please update your code to the new API before upgrading to the next release, otherwise your project will no longer compile. [-Wdeprecated-declarations]
                SetUAVParameter(RHICmdList, ShaderRHI, OctreeVolume1, nullptr);
                ^
/opt/unreal-engine-5.4.0/Engine/Source/Runtime/RenderCore/Public/ShaderParameterUtils.h:589:1: note: 'SetUAVParameter' has been explicitly marked deprecated here
UE_DEPRECATED(5.3, "SetUAVParameter with FRHIBatchedShaderParameters should be used.")
^
/opt/unreal-engine-5.4.0/Engine/Source/Runtime/Core/Public/Misc/CoreMiscDefines.h:274:43: note: expanded from macro 'UE_DEPRECATED'
#define UE_DEPRECATED(Version, Message) [[deprecated(Message " Please update your code to the new API before upgrading to the next release, otherwise your project will no longer compile.")]]
                                          ^
In file included from /home/ruby/Unreal Projects/TBRaymarchProject/Plugins/TBRaymarcherPlugin/Intermediate/Build/Linux/x64/UnrealEditor/Development/Raymarcher/Module.Raymarcher.cpp:31:
In file included from /home/ruby/Unreal Projects/TBRaymarchProject/Plugins/TBRaymarcherPlugin/Source/Raymarcher/Private/Rendering/OctreeShaders.cpp:6:
/home/ruby/Unreal Projects/TBRaymarchProject/Plugins/TBRaymarcherPlugin/Source/Raymarcher/Public/Rendering/OctreeShaders.h:59:3: warning: 'SetUAVParameter' is deprecated: SetUAVParameter with FRHIBatchedShaderParameters should be used. Please update your code to the new API before upgrading to the next release, otherwise your project will no longer compile. [-Wdeprecated-declarations]
                SetUAVParameter(RHICmdList, ShaderRHI, OctreeVolume2, nullptr);
                ^
/opt/unreal-engine-5.4.0/Engine/Source/Runtime/RenderCore/Public/ShaderParameterUtils.h:589:1: note: 'SetUAVParameter' has been explicitly marked deprecated here
UE_DEPRECATED(5.3, "SetUAVParameter with FRHIBatchedShaderParameters should be used.")
^
/opt/unreal-engine-5.4.0/Engine/Source/Runtime/Core/Public/Misc/CoreMiscDefines.h:274:43: note: expanded from macro 'UE_DEPRECATED'
#define UE_DEPRECATED(Version, Message) [[deprecated(Message " Please update your code to the new API before upgrading to the next release, otherwise your project will no longer compile.")]]
                                          ^
In file included from /home/ruby/Unreal Projects/TBRaymarchProject/Plugins/TBRaymarcherPlugin/Intermediate/Build/Linux/x64/UnrealEditor/Development/Raymarcher/Module.Raymarcher.cpp:31:
In file included from /home/ruby/Unreal Projects/TBRaymarchProject/Plugins/TBRaymarcherPlugin/Source/Raymarcher/Private/Rendering/OctreeShaders.cpp:6:
/home/ruby/Unreal Projects/TBRaymarchProject/Plugins/TBRaymarcherPlugin/Source/Raymarcher/Public/Rendering/OctreeShaders.h:60:3: warning: 'SetUAVParameter' is deprecated: SetUAVParameter with FRHIBatchedShaderParameters should be used. Please update your code to the new API before upgrading to the next release, otherwise your project will no longer compile. [-Wdeprecated-declarations]
                SetUAVParameter(RHICmdList, ShaderRHI, OctreeVolume3, nullptr);
                ^
/opt/unreal-engine-5.4.0/Engine/Source/Runtime/RenderCore/Public/ShaderParameterUtils.h:589:1: note: 'SetUAVParameter' has been explicitly marked deprecated here
UE_DEPRECATED(5.3, "SetUAVParameter with FRHIBatchedShaderParameters should be used.")
^
/opt/unreal-engine-5.4.0/Engine/Source/Runtime/Core/Public/Misc/CoreMiscDefines.h:274:43: note: expanded from macro 'UE_DEPRECATED'
#define UE_DEPRECATED(Version, Message) [[deprecated(Message " Please update your code to the new API before upgrading to the next release, otherwise your project will no longer compile.")]]
                                          ^
62 warnings generated.
Total time in Parallel executor: 8.54 seconds
Total execution time: 12.42 seconds
